16:31:13.192891776,0.00,3.12,0.7,43674388
16:31:14.802508932,0.00,3.12,1,43675424
16:31:16.444924561,0.00,3.12,0.1,43673304
16:31:18.037039027,0.00,3.11,1.7,43675068
16:31:19.627429398,0.00,3.12,0.2,43675884
16:31:21.222060973,0.00,3.13,0.6,43676712
16:31:22.814808291,0.00,3.11,0.9,43678060
16:31:24.413157190,0.00,3.11,0.2,43675344
16:31:26.007552787,0.00,3.12,1.7,43677408
16:31:27.603207831,0.00,3.11,0.2,43678404
16:31:29.200879284,0.00,3.12,0.6,43678272
16:31:30.794539004,0.00,3.11,0.8,43677920
16:31:32.388235230,0.00,3.11,0.2,43671528
16:31:33.990558728,0.00,3.13,3.8,43660928
16:31:35.619132325,0.00,3.15,2,43659648
16:31:37.278705580,0.00,3.14,2,43673500
16:31:38.909105926,0.00,3.13,1.7,43675960
16:31:40.532468318,0.00,3.16,0.2,43672904
16:31:42.130799569,0.00,3.14,1.2,43675268
16:31:43.727776905,0.00,3.11,1.1,43676780
16:31:45.361212406,0.00,3.13,0.6,43673936
16:31:46.979909924,0.00,3.12,1.7,43676820
16:31:48.591944264,0.00,3.13,0.2,43677444
16:31:50.189989309,0.00,3.11,0.7,43678860
16:31:51.788816057,0.00,3.16,1,43677216
16:31:53.429627816,0.00,3.13,0.2,43676024
16:31:55.031522902,0.00,3.13,1.7,43677480
16:31:56.627951327,0.00,3.11,0.2,43677632
16:31:58.227828937,0.00,3.12,0.6,43670196
16:31:59.841057992,0.00,3.15,3.3,43663868
16:32:01.518413516,0.00,3.18,2,43664400
16:32:03.146345300,0.00,3.17,4,43648976
16:32:04.782763009,0.00,3.16,1.1,43674660
16:32:06.433391739,0.00,3.14,0.2,43674456
16:32:08.036197237,0.00,3.13,1.7,43674764
16:32:09.631768724,0.00,3.12,0.2,43673320
16:32:11.237526876,0.00,3.12,0.4,43674508
16:32:12.836001292,0.00,3.11,1.2,43677064
16:32:14.477174674,0.00,3.13,0.2,43676688
16:32:16.076654743,0.00,3.13,1.6,43676644
16:32:17.671009351,0.00,3.14,0.2,43677588
16:32:19.284824923,0.00,3.13,0.2,43675500
16:32:20.877705795,0.00,3.12,1.4,43677480
16:32:22.495172494,0.00,3.13,0.2,43676440
16:32:24.096210023,0.00,3.14,1.4,43676848
16:32:25.695180679,0.00,3.13,2.6,43667132
16:32:27.350451804,0.00,3.14,2.2,43665444
16:32:28.974517496,0.00,3.14,3.6,43657472
16:32:30.597733992,0.00,3.17,0.2,43675168
16:32:32.211698282,0.00,3.13,0.5,43678136
16:32:33.818723514,0.00,3.12,1.3,43679028
16:32:35.434379193,0.00,3.10,0.2,43677904
16:32:37.030483943,0.00,3.12,1.9,43679968
16:32:38.623066027,0.00,3.13,0.2,43678192
16:32:40.227000626,0.00,3.13,0.6,43675172
16:32:41.819463892,0.00,3.11,1,43676960
16:32:43.428193682,0.00,3.12,0.2,43676560
16:32:45.020503253,0.00,3.11,1.7,43675124
16:32:46.637679422,0.00,3.13,0.2,43677596
16:32:48.257777080,0.00,3.12,0.3,43679552
16:32:49.864059371,0.00,3.13,1.5,43679648
16:32:51.496759425,0.00,3.14,3.7,43668784
16:32:53.139670766,0.00,3.15,2.9,43667092
16:32:54.770668671,0.00,3.17,3.1,43649448
16:32:56.435717078,0.00,3.16,0.2,43670420
16:32:58.043183597,0.00,3.12,1.7,43670076
16:32:59.639924880,0.00,3.15,0.2,43672916
16:33:01.249727714,0.00,3.14,0.3,43671976
16:33:02.841349053,0.00,3.13,1.4,43672340
16:33:04.484338244,0.00,3.14,0.2,43664972
16:33:06.085819473,0.00,3.13,1.4,43667176
16:33:07.680948352,0.00,3.13,0.2,43668344
16:33:09.291377455,0.00,3.15,0.2,43667516
16:33:10.890840776,0.00,3.12,1.6,43671144
16:33:12.510756353,0.00,3.12,0.2,43667960
16:33:14.108396592,0.00,3.13,1.4,43670328
16:33:15.703702485,0.00,3.12,0.4,43669712
16:33:17.343491868,0.00,3.17,2.1,43659172
16:33:18.973708824,0.00,3.15,3.9,43663564
16:33:20.608718227,0.00,3.15,2.1,43653792
16:33:22.235565482,0.00,3.14,0.5,43668748
16:33:23.840372708,0.00,3.11,1.7,43671360
16:33:25.474445371,0.00,3.14,0.2,43671392
16:33:27.065905473,0.00,3.13,1.6,43670744
16:33:28.671164297,0.00,3.15,0.2,43671116
16:33:30.289027098,0.00,3.13,0.2,43670512
16:33:31.879180120,0.00,3.14,1.6,43670484
16:33:33.505583187,0.00,3.14,0.2,43670112
16:33:35.102901379,0.00,3.13,1.4,43669996
16:33:36.698837941,0.00,3.11,0.3,43671436
16:33:38.312097990,0.00,3.13,0,43671592
16:33:39.908529604,0.00,3.11,1.7,43673064
16:33:41.539976920,0.00,3.12,0.2,43672064
16:33:43.144084424,0.00,3.14,2.9,43663272
16:33:44.775396831,0.00,3.14,3,43665760
16:33:46.447687186,0.00,3.16,2.2,43648960
16:33:48.085169201,0.00,3.15,1.4,43672060
16:33:49.710073188,0.00,3.13,0.4,43670708
16:33:51.336862742,0.00,3.12,0.2,43672088
16:33:52.946028675,0.00,3.13,1.8,43675600
16:33:54.548549307,0.00,3.15,0.2,43674580
16:33:56.144699056,0.00,3.10,1.1,43673232
16:33:57.742465692,0.00,3.11,0.7,43673896
16:33:59.373477277,0.00,3.12,0.1,43674408
16:34:00.970521717,0.00,3.13,1.9,43673836
16:34:02.571520716,0.00,3.12,0.2,43669360
16:34:04.165097261,0.00,3.13,0.7,43673304
16:34:05.798546548,0.00,3.13,1.1,43677236
16:34:07.433074867,0.00,3.13,0.2,43676204
16:34:09.041543571,0.00,3.14,3.9,43662228
16:34:10.666471223,0.00,3.16,2.1,43669024
16:34:12.282653492,0.00,3.16,2.2,43656112
16:34:13.896116653,0.00,3.14,2.2,43677704
16:34:15.526303349,0.00,3.13,0.1,43677484
16:34:17.115103919,0.00,3.13,1.4,43677556
16:34:18.718663527,0.00,3.10,0.4,43678332
16:34:20.344951570,0.00,3.12,0.2,43677732
16:34:21.940057596,0.00,3.10,1.8,43678048
16:34:23.544896828,0.00,3.12,0.2,43678424
16:34:25.144628349,0.00,3.12,1.1,43679832
16:34:26.747704173,0.00,3.15,0.6,43679576
16:34:28.366011828,0.00,3.14,0.2,43679380
16:34:29.963759413,0.00,3.13,1.8,43680500
16:34:31.569891534,0.00,3.14,0.2,43680632
16:34:33.159036465,0.00,3.14,0.9,43680544
16:34:34.759523250,0.00,3.14,3,43675312
16:34:36.425693492,0.00,3.16,2.1,43675952
16:34:38.054581017,0.00,3.15,3.7,43661088
16:34:39.671448559,0.00,3.15,0.2,43673884
16:34:41.300823477,0.00,3.12,0.2,43674560
16:34:42.898221472,0.00,3.11,1.7,43674980
16:34:44.533931401,0.00,3.13,0.2,43676516
16:34:46.129024662,0.00,3.13,1.1,43675392
16:34:47.742706030,0.00,3.13,0.5,43676800
16:34:49.348849380,0.00,3.13,0.2,43674924
16:34:50.950432974,0.00,3.13,1.7,43676000
16:34:52.554913110,0.00,3.18,0.2,43676064
16:34:54.166311611,0.00,3.12,0.9,43673620
16:34:55.763999450,0.00,3.13,0.7,43674504
16:34:57.369623676,0.00,3.13,0.1,43675220
16:34:58.970780393,0.00,3.12,2,43675892
16:35:00.582527541,0.00,3.16,2.2,43673004
16:35:02.221746910,0.00,3.14,2.4,43666996
16:35:03.847275539,0.00,3.18,3.7,43655080
16:35:05.493849623,0.00,3.15,0.2,43669976
16:35:07.099552355,0.00,3.12,1.4,43672508
16:35:08.700184181,0.00,3.09,0.3,43673728
16:35:10.329873907,0.00,3.12,0.2,43674204
16:35:11.923438096,0.00,3.13,1.8,43674968
16:35:13.557685343,0.00,3.12,0.1,43675560
16:35:15.156093266,0.00,3.11,1.2,43674300
16:35:16.750871376,0.00,3.13,0.6,43674272
16:35:18.361868904,0.00,3.10,0.2,43673792
16:35:19.959053081,0.00,3.12,1.9,43673184
16:35:21.567065178,0.00,3.09,0.2,43671224
16:35:23.158298931,0.00,3.11,1.1,43672316
16:35:24.745937062,0.00,3.10,0.7,43670036
16:35:26.379934008,0.00,3.13,2.2,43674240
16:35:28.000166236,0.00,3.14,3.7,43672092
16:35:29.639274844,0.00,3.15,2.1,43655972
16:35:31.270540611,0.00,3.14,0.2,43674812
16:35:32.880562496,0.00,3.13,1.3,43675524
16:35:34.492826170,0.00,3.11,0.2,43674684
16:35:36.093989882,0.00,3.11,1.4,43673000
16:35:37.691136426,0.00,3.13,0.3,43675388
16:35:39.304501856,0.00,3.11,0.2,43673928
16:35:40.897737774,0.00,3.11,1.6,43675120
16:35:42.515888903,0.00,3.12,0.2,43671536
16:35:44.106237357,0.00,3.12,1.5,43672916
16:35:45.696081986,0.00,3.14,0.3,43673704
16:35:47.315099997,0.00,3.13,0.2,43674152
16:35:48.918423653,0.00,3.12,1.7,43678316
16:35:50.518172440,0.00,3.11,0.2,43676604
16:35:52.119429809,0.00,3.17,5,43653120
16:35:53.765804455,0.00,3.14,3.3,43671964
16:35:55.438783266,0.00,3.14,2,43654636
16:35:57.053834796,0.00,3.14,1.6,43671968
16:35:58.657518268,0.00,3.12,0.1,43673348
16:36:00.268043475,0.00,3.15,0.3,43673672
16:36:01.871067506,0.00,3.15,1.6,43674760
16:36:03.490975128,0.00,3.11,1,43663520
16:36:05.112762877,0.00,3.10,1.3,43667488
16:36:06.729366251,0.00,3.13,0.5,43668300
16:36:08.357343659,0.00,3.14,0.2,43668288
16:36:09.954745343,0.00,3.11,1.8,43667548
16:36:11.560207305,0.00,3.11,0.2,43669380
16:36:13.157866919,0.00,3.13,0.9,43668404
16:36:14.758909231,0.00,3.10,0.7,43669788
16:36:16.386962706,0.00,3.12,0.2,43667972
16:36:17.991241202,0.00,3.13,3.8,43661284
16:36:19.624480554,0.00,3.13,2.1,43660064
16:36:21.262680506,0.00,3.14,2.3,43645284
16:36:22.882466038,0.00,3.13,1.7,43669776
16:36:24.527377870,0.00,3.13,0.2,43669188
16:36:26.126582515,0.00,3.11,1.2,43668108
16:36:27.719205487,0.00,3.12,0.6,43667044
16:36:29.349856895,0.00,3.13,0.2,43666780
16:36:30.949467215,0.00,3.12,1.7,43668548
16:36:32.561042563,0.00,3.11,0.2,43669352
16:36:34.162205296,0.00,3.12,1,43670104
16:36:35.759035904,0.00,3.13,0.7,43669364
16:36:37.388068315,0.00,3.13,0.2,43668244
16:36:38.994487065,0.00,3.15,1.8,43670344
16:36:40.607776713,0.00,3.11,0.2,43668320
16:36:42.221073034,0.00,3.12,0.4,43668164
16:36:43.835387067,0.00,3.16,3.9,43656936
16:36:45.509299335,0.00,3.15,2.5,43654208
16:36:47.143585178,0.00,3.18,3.1,43667380
16:36:48.766492112,0.00,3.12,0.9,43668916
16:36:50.417979817,0.00,3.10,0.2,43666948
16:36:52.011155651,0.00,3.12,1.7,43668712
16:36:53.624241775,0.00,3.13,0.2,43668796
16:36:55.245715216,0.00,3.14,0.3,43670584
16:36:56.842547780,0.00,3.12,1.4,43670672
16:36:58.473416467,0.00,3.13,0.2,43670172
16:37:00.066869852,0.00,3.11,1.6,43672104
16:37:01.657886987,0.00,3.11,0.2,43672960
16:37:03.261604114,0.00,3.12,1.9,43665680
16:37:04.885877152,0.00,3.12,1.6,43676728
16:37:06.516066327,0.00,3.13,0.2,43675372
16:37:08.115815484,0.00,3.13,1.3,43668028
16:37:09.723261193,0.00,3.12,2.5,43665532
16:37:11.374972798,0.00,3.17,1.8,43659464
16:37:12.999764843,0.00,3.16,3.7,43647820
16:37:14.625227858,0.00,3.14,0.2,43671176
16:37:16.248814044,0.00,3.13,0.3,43671784
16:37:17.858739630,0.00,3.12,1.5,43673504
16:37:19.483894981,0.00,3.11,0.2,43672640
16:37:21.073485646,0.00,3.13,1.6,43673076
16:37:22.668028194,0.00,3.12,0.2,43670916
16:37:24.279840727,0.00,3.14,0.2,43671408
16:37:25.869669228,0.00,3.12,1.6,43671560
16:37:27.496926302,0.00,3.12,0.2,43671112
16:37:29.088406772,0.00,3.12,1.5,43671936
16:37:30.687240582,0.00,3.11,0.3,43673216
16:37:32.312357866,0.00,3.14,0.2,43674480
16:37:33.911860296,0.00,3.11,2.2,43674068
16:37:35.542631505,0.00,3.14,2.1,43664616
16:37:37.185870843,0.00,3.13,2.7,43664800
16:37:38.803020290,0.00,3.15,3.3,43652032
16:37:40.454916858,0.00,3.16,0.2,43672772
16:37:42.069360584,0.00,3.11,1.6,43672400
16:37:43.662167932,0.00,3.11,0.4,43674888
16:37:45.288875239,0.00,3.13,0.2,43671720
16:37:46.902499513,0.00,3.14,1.7,43674344
16:37:48.515769808,0.00,3.14,0.2,43672940
16:37:50.119851055,0.00,3.13,1.2,43674496
16:37:51.724054587,0.00,3.13,0.5,43675220
16:37:53.354735259,0.00,3.15,0.2,43674072
16:37:54.974902652,0.00,3.10,1.7,43674856
16:37:56.589045137,0.00,3.12,0.2,43673120
16:37:58.187183945,0.00,3.09,0.7,43675908
16:37:59.782186428,0.00,3.11,0.7,43676072
16:38:01.392107918,0.00,3.14,2.1,43659788
16:38:03.032020364,0.00,3.15,3.5,43661308
16:38:04.672187369,0.00,3.11,2.7,43674552
16:38:06.333637965,0.00,3.15,0.2,43669320
16:38:07.940104190,0.00,3.12,1.9,43671668
16:38:09.567983096,0.00,3.12,0.2,43671320
16:38:11.166851252,0.00,3.10,0.9,43668976
16:38:12.757811100,0.00,3.14,0.6,43671692
16:38:14.353532070,0.00,3.14,0.2,43670436
16:38:15.965303454,0.00,3.11,1.8,43670184
16:38:17.579017682,0.00,3.13,0.2,43669840
16:38:19.182839385,0.00,3.13,0.7,43672016
16:38:20.781756140,0.00,3.12,0.7,43673760
16:38:22.389214534,0.00,3.15,0.2,43673612
16:38:23.991512656,0.00,3.08,2.2,43674092
16:38:25.593867893,0.00,3.10,0.1,43673884
16:38:27.199603447,0.00,3.14,2.7,43661500
16:38:28.840491839,0.00,3.16,3.2,43660868
16:38:30.499193280,0.00,3.15,2.3,43673392
16:38:32.116524963,0.00,3.14,1.3,43671016
16:38:33.711908672,0.00,3.11,0.8,43671660
16:38:35.326167218,0.00,3.13,0.2,43671044
16:38:36.930401982,0.00,3.11,1.7,43672736
16:38:38.524739661,0.00,3.13,0.2,43673296
16:38:40.113741667,0.00,3.12,1.2,43673544
16:38:41.707991307,0.00,3.12,0.3,43673776
16:38:43.306949460,0.00,3.14,0.2,43672760
16:38:44.913135295,0.00,3.13,1.7,43674564
16:38:46.521221731,0.00,3.14,0.2,43672664
16:38:48.142840999,0.00,3.13,0.9,43672348
16:38:49.752047071,0.00,3.12,0.5,43674420
16:38:51.354384377,0.00,3.13,0.2,43675740
16:38:52.962751000,0.00,3.13,5.6,43662272
16:38:54.621150974,0.00,3.13,2.1,43667240
16:38:56.266127479,0.00,3.13,2.3,43650188
16:38:57.872614316,0.00,3.13,1.7,43672924
16:38:59.500777668,0.00,3.13,0.1,43671984
16:39:01.097435600,0.00,3.09,1.3,43672648
16:39:02.698967328,0.00,3.13,0.3,43673612
16:39:04.333146773,0.00,3.14,0.2,43668320
16:39:05.936175045,0.00,3.11,1.8,43669044
16:39:07.541717968,0.00,3.11,0.2,43670644
16:39:09.139413008,0.00,3.12,1.2,43670136
16:39:10.731833578,0.00,3.14,0.6,43669620
16:39:12.363829526,0.00,3.13,0.2,43668212
16:39:13.952797825,0.00,3.14,2.3,43670848
16:39:15.564954180,0.00,3.13,0.2,43669164
16:39:17.166421038,0.00,3.13,0.9,43670944
16:39:18.763787759,0.00,3.13,2.7,43668312
16:39:20.399005665,0.00,3.16,2.1,43663020
16:39:22.031529507,0.00,3.15,3.6,43653092
16:39:23.647784293,0.00,3.15,0.3,43670672
16:39:25.282164233,0.00,3.13,0.2,43671012
16:39:26.875091999,0.00,3.10,1.6,43669572
16:39:28.495340715,0.00,3.13,0.2,43668944
16:39:30.088724669,0.00,3.11,1.7,43670504
16:39:31.679481111,0.00,3.14,0.2,43669084
16:39:33.295400003,0.00,3.13,0.3,43669496
16:39:34.910057636,0.00,3.13,1.7,43673020
16:39:36.533265828,0.00,3.12,0.2,43672532
16:39:38.136067191,0.00,3.13,1,43673560
16:39:39.743112173,0.00,3.09,0.6,43673180
16:39:41.372255642,0.00,3.11,0.2,43673356
16:39:42.965543104,0.00,3.13,1.9,43673560
16:39:44.576772473,0.00,3.14,2.1,43668500
16:39:46.222867195,0.00,3.15,2.4,43660924
16:39:47.851914772,0.00,3.17,3.5,43648816
16:39:49.507727351,0.00,3.14,0.2,43670748
16:39:51.110487632,0.00,3.12,1.3,43669256
16:39:52.712688167,0.00,3.13,0.4,43671524
16:39:54.347962655,0.00,3.12,0.2,43669976
16:39:55.949783685,0.00,3.13,1.8,43673748
16:39:57.557035592,0.00,3.11,0.2,43673108
16:39:59.153716110,0.00,3.10,1.1,43673592
16:40:00.743059286,0.00,3.11,0.8,43670976
16:40:02.388087223,0.00,3.11,0.2,43672816
16:40:03.987375952,0.00,3.14,2.1,43678460
16:40:05.630204479,0.00,3.11,0.2,43679528
16:40:07.248280342,0.00,3.14,0.4,43681056
16:40:08.839038061,0.00,3.14,1.4,43680020
16:40:10.471915892,0.00,3.15,2,43663248
16:40:12.103808879,0.00,3.15,3.2,43664840
16:40:13.724439012,0.00,3.16,3,43673232
16:40:15.370282941,0.00,3.11,0.2,43675668
16:40:16.976873470,0.00,3.11,1.8,43674928
16:40:18.579232981,0.00,3.13,0.2,43674416
16:40:20.173786778,0.00,3.11,0.9,43675988
16:40:21.766294830,0.00,3.13,0.8,43677092
16:40:23.394395834,0.00,3.11,0.2,43676260
16:40:24.996791656,0.00,3.13,1.7,43678096
16:40:26.613177584,0.00,3.13,0.2,43675332
16:40:28.219276108,0.00,3.12,0.6,43676280
16:40:29.822991627,0.00,3.12,1.3,43678712
16:40:31.457179091,0.00,3.11,0.1,43678196
16:40:33.055838337,0.00,3.12,1.6,43680708
16:40:34.651976594,0.00,3.12,0.2,43668388
16:40:36.267520213,0.00,3.13,2.1,43660316
16:40:37.886600779,0.00,3.16,3.5,43660872
16:40:39.531747955,0.00,3.14,2.1,43669172
16:40:41.147850057,0.00,3.13,1,43675424
16:40:42.744952545,0.00,3.10,0.7,43676484
16:40:44.367831162,0.00,3.11,0.2,43676520
16:40:45.972428613,0.00,3.13,1.7,43679544
16:40:47.588823480,0.00,3.12,0.2,43678636
16:40:49.202505444,0.00,3.11,0.7,43679908
16:40:50.795783846,0.00,3.13,0.9,43680832
16:40:52.422225389,0.00,3.12,0.2,43678056
16:40:54.015809699,0.00,3.16,2,43676852
16:40:55.645675990,0.00,3.09,0.1,43680940
16:40:57.260829776,0.00,3.13,0.3,43681488
16:40:58.866007249,0.00,3.11,1.6,43682808
16:41:00.485239441,0.00,3.11,0.2,43671128
16:41:02.090568939,0.00,3.15,3.3,43656992
16:41:03.723031748,0.00,3.18,3.1,43676664
16:41:05.403444596,0.00,3.13,2,43661384
16:41:07.025014084,0.00,3.13,1.9,43677356
16:41:08.631801165,0.00,3.11,0.2,43676688
16:41:10.238175072,0.00,3.11,0.5,43677924
16:41:11.826818703,0.00,3.12,1.1,43679368
16:41:13.450100165,0.00,3.13,0.2,43677744
16:41:15.046860040,0.00,3.14,1.6,43678852
16:41:16.650418150,0.00,3.12,0.2,43679116
16:41:18.265163784,0.00,3.13,0.3,43676704
16:41:19.859649078,0.00,3.13,1.5,43679228
16:41:21.486098159,0.00,3.11,0.2,43676828
16:41:23.079391708,0.00,3.10,1.7,43677480
16:41:24.672888399,0.00,3.15,0.2,43678348
16:41:26.295986048,0.00,3.11,0.2,43666116
16:41:27.900572077,0.00,3.15,3.5,43662072
16:41:29.547866291,0.00,3.18,2,43661028
16:41:31.157902564,0.00,3.16,2.7,43675832
16:41:32.770171581,0.00,3.15,1,43677004
16:41:34.403699171,0.00,3.13,0.2,43674592
16:41:35.999374661,0.00,3.13,1.9,43677516
16:41:37.597845884,0.00,3.13,0.2,43677132
16:41:39.195749181,0.00,3.12,0.7,43678272
16:41:40.788780450,0.00,3.11,0.8,43679844
16:41:42.407143363,0.00,3.12,0.2,43679528
16:41:43.994936147,0.00,3.13,2.3,43679264
16:41:45.607311527,0.00,3.12,0.2,43678248
16:41:47.229860307,0.00,3.14,0.4,43680008
16:41:48.837959069,0.00,3.12,1.4,43681044
16:41:50.466172910,0.00,3.11,0.2,43680288
16:41:52.065357309,0.00,3.11,1.6,43680392
16:41:53.672525262,0.00,3.13,4.3,43666148
16:41:55.333823793,0.00,3.15,2,43656904
16:41:56.958418737,0.00,3.15,4,43669668
16:41:58.588557281,0.00,3.13,0.2,43669836
16:42:00.192237508,0.00,3.13,0.6,43672096
16:42:01.788481640,0.00,3.11,0.8,43673068
16:42:03.384803058,0.00,3.13,3.1,43659332
16:42:05.007762698,0.00,3.14,1.8,43661808
16:42:06.622636723,0.00,3.12,0.1,43664024
16:42:08.231513685,0.00,3.12,0.6,43665292
16:42:09.836726535,0.00,3.14,1.3,43664788
16:42:11.462920759,0.00,3.14,0.2,43662940
16:42:13.057443019,0.00,3.12,1.8,43662668
16:42:14.654409072,0.00,3.11,0.2,43663448
16:42:16.265109875,0.00,3.14,0.2,43663212
16:42:17.869181467,0.00,3.12,1.6,43663544
16:42:19.505342556,0.00,3.12,2.1,43651676
16:42:21.154064683,0.00,3.15,2.5,43648096
16:42:22.808419205,0.00,3.15,3.4,43657492
16:42:24.467974054,0.00,3.12,0.2,43660664
16:42:26.071552379,0.00,3.09,1.6,43661124
16:42:27.677176366,0.00,3.13,0.2,43661716
16:42:29.296944638,0.00,3.12,0.2,43661108
16:42:30.897237072,0.00,3.14,1.7,43662736
16:42:32.519520672,0.00,3.12,0.2,43662940
16:42:34.117246040,0.00,3.13,1.4,43663792
16:42:35.714405471,0.00,3.11,0.4,43662596
16:42:37.335068272,0.00,3.09,0.1,43661296
16:42:38.927944297,0.00,3.10,1.9,43664224
16:42:40.542589863,0.00,3.12,0.2,43662568
16:42:42.137848457,0.00,3.12,1.2,43663540
16:42:43.728174038,0.00,3.10,0.9,43657828
16:42:45.357223269,0.00,3.11,2.1,43647848
16:42:46.997040738,0.00,3.14,3.7,43651548
16:42:48.676647049,0.00,3.14,2.3,43662684
16:42:50.322077857,0.00,3.13,0.2,43666352
16:42:51.924358219,0.00,3.11,1.8,43667216
16:42:53.523294044,0.00,3.12,0.1,43651568
16:42:55.146071265,0.00,3.10,1.1,43667448
16:42:56.752688613,0.00,3.12,0.6,43669420
16:42:58.358073462,0.00,3.11,0.2,43667192
16:42:59.954141333,0.00,3.10,1.8,43669968
16:43:01.562448897,0.00,3.12,0.2,43669280
16:43:03.163067955,0.00,3.11,1.8,43664364
16:43:04.790240700,0.00,3.11,1.1,43671208
16:43:06.427258899,0.00,3.13,0.2,43673320
16:43:08.021168086,0.00,3.12,1.8,43674896
16:43:09.624116131,0.00,3.11,0.2,43667072
16:43:11.242034512,0.00,3.12,2.5,43656836
16:43:12.876667493,0.00,3.16,3.6,43660332
16:43:14.515700632,0.00,3.17,2.1,43666024
16:43:16.139721194,0.00,3.14,1.1,43672384
16:43:17.751475607,0.00,3.13,0.8,43673960
16:43:19.380042284,0.00,3.12,0.2,43673856
16:43:20.967806182,0.00,3.13,1.7,43674988
16:43:22.566091998,0.00,3.12,0.2,43674220
16:43:24.166424595,0.00,3.11,0.9,43671284
16:43:25.766390735,0.00,3.11,0.9,43674156
16:43:27.395011791,0.00,3.11,0.2,43673092
16:43:28.988714388,0.00,3.10,1.8,43673828
16:43:30.591684368,0.00,3.12,0.2,43674772
16:43:32.197380141,0.00,3.12,0.7,43676764
16:43:33.788220327,0.00,3.09,1.4,43676828
16:43:35.416411130,0.00,3.14,0.2,43667860
16:43:37.019931717,0.00,3.15,3.8,43664344
16:43:38.644037438,0.00,3.14,2.1,43665120
16:43:40.293264164,0.00,3.12,2.2,43651464
16:43:41.909925115,0.00,3.13,1.8,43674916
16:43:43.521281343,0.00,3.14,0.2,43674812
16:43:45.119406117,0.00,3.13,1.3,43676168
16:43:46.721853084,0.00,3.13,0.6,43674512
16:43:48.368549468,0.00,3.13,0.2,43674748
16:43:49.969929861,0.00,3.11,1.9,43675164
16:43:51.594276120,0.00,3.14,0.2,43674272
16:43:53.196786362,0.00,3.11,0.7,43676284
16:43:54.795210036,0.00,3.12,1.1,43674860
16:43:56.447905324,0.00,3.15,0.2,43675344
16:43:58.047660320,0.00,3.13,1.7,43676024
16:43:59.646704656,0.00,3.12,0.2,43673880
16:44:01.261796535,0.00,3.13,0.3,43675524
16:44:02.865579584,0.00,3.16,3.6,43664204
16:44:04.517455972,0.00,3.17,2.2,43664236
16:44:06.156250285,0.00,3.16,2.9,43654924
16:44:07.787648647,0.00,3.13,0.9,43677040
16:44:09.417923693,0.00,3.13,0.2,43675200
16:44:11.009469636,0.00,3.12,1.9,43676320
16:44:12.601343243,0.00,3.11,0.2,43673188
16:44:14.205030040,0.00,3.10,0.7,43673308
16:44:15.811844952,0.00,3.11,1.2,43675508
16:44:17.437007571,0.00,3.13,0.2,43673352
16:44:19.028009252,0.00,3.11,1.9,43676340
16:44:20.625437138,0.00,3.11,0.2,43675792
16:44:22.234907337,0.00,3.11,0.5,43675700
16:44:23.824388158,0.00,3.14,1.6,43676796
16:44:25.454551167,0.00,3.11,0.2,43676944
16:44:27.050228397,0.00,3.11,1.7,43677424
16:44:28.645499534,0.00,3.15,2.1,43674764
16:44:30.294479896,0.00,3.14,2.2,43671748
16:44:31.919108469,0.00,3.15,3.4,43658896
16:44:33.556933151,0.00,3.14,0.2,43670384
16:44:35.166166006,0.00,3.13,1,43672468
16:44:36.762635015,0.00,3.14,0.8,43672452
16:44:38.389411539,0.00,3.12,0.1,43670880
16:44:39.985598208,0.00,3.11,2,43672228
16:44:41.594982214,0.00,3.11,0.2,43669896
16:44:43.193720004,0.00,3.13,1,43673776
16:44:44.794349014,0.00,3.12,1.1,43673980
16:44:46.428832812,0.00,3.14,0.2,43672400
16:44:48.034574677,0.00,3.12,1.9,43672404
16:44:49.636651942,0.00,3.12,0.2,43674088
16:44:51.241919079,0.00,3.13,0.4,43673076
16:44:52.839770005,0.00,3.14,1.5,43673568
16:44:54.474521867,0.00,3.14,3.4,43670708
16:44:56.110282302,0.00,3.12,3.2,43667404
16:44:57.736366046,0.00,3.15,2.6,43660008
16:44:59.376543880,0.00,3.14,0.2,43669864
16:45:00.970208476,0.00,3.13,1.8,43671756
16:45:02.580199521,0.00,3.10,0.2,43670232
16:45:04.180144814,0.00,3.12,0.5,43664584
16:45:05.820838116,0.00,3.12,1.4,43665060
16:45:07.463718300,0.00,3.11,0.2,43665952
16:45:09.060639373,0.00,3.12,1.5,43666200
16:45:10.661921379,0.00,3.13,0.2,43665012
16:45:12.274548559,0.00,3.11,0.2,43663264
16:45:13.864855110,0.00,3.11,1.7,43665920
16:45:15.474130002,0.00,3.13,0.2,43666900
16:45:17.073798433,0.00,3.11,1.6,43666108
16:45:18.682071444,0.00,3.12,0.2,43666860
16:45:20.305030149,0.00,3.12,2.3,43663712
16:45:21.948586292,0.00,3.16,3.7,43665088
16:45:23.568750333,0.00,3.12,2,43649824
16:45:25.216405681,0.00,3.16,0.5,43663596
16:45:26.827776601,0.00,3.13,1.2,43662312
16:45:28.439533411,0.00,3.12,0.2,43663444
16:45:30.037517637,0.00,3.14,1.7,43662340
16:45:31.636125961,0.00,3.11,0.1,43663448
16:45:33.236864891,0.00,3.14,0.6,43664132
16:45:34.839122906,0.00,3.12,1.2,43665968
16:45:36.448515755,0.00,3.09,0.2,43663556
16:45:38.043098100,0.00,3.12,1.8,43664556
16:45:39.642742179,0.00,3.12,0.1,43665968
16:45:41.256779313,0.00,3.12,0.3,43664520
16:45:42.852440713,0.00,3.14,1.4,43665772
16:45:44.477708954,0.00,3.12,0.2,43665360
16:45:46.073538678,0.00,3.14,4.1,43665692
16:45:47.718679504,0.00,3.11,2.6,43662160
16:45:49.377935223,0.00,3.16,2.1,43647640
16:45:50.997680069,0.00,3.14,1.9,43662776
16:45:52.617955663,0.00,3.10,0.2,43663076
16:45:54.225968141,0.00,3.13,0.6,43652012
16:45:55.835665546,0.00,3.12,1.2,43665036
16:45:57.446731958,0.00,3.13,0.2,43664288
16:45:59.040592575,0.00,3.12,1.8,43663744
16:46:00.638655539,0.00,3.12,0.2,43664464
16:46:02.236964061,0.00,3.12,0.5,43663664
16:46:03.841963759,0.00,3.20,1.6,43662252
16:46:05.470009665,0.00,3.09,0.2,43667736
16:46:07.070164994,0.00,3.12,1.6,43671436
16:46:08.663960364,0.00,3.12,0.2,43670552
16:46:10.271097367,0.00,3.13,0.3,43670784
16:46:11.868344428,0.00,3.14,3.7,43666896
16:46:13.525008050,0.00,3.12,2,43667428
16:46:15.163534442,0.00,3.16,2.9,43651824
16:46:16.781441232,0.00,3.14,0.9,43671448
16:46:18.418177073,0.00,3.11,0.2,43669688
16:46:20.022840929,0.00,3.13,1.8,43670508
16:46:21.619894742,0.00,3.12,0.2,43672444
16:46:23.221948628,0.00,3.12,0.5,43671024
16:46:24.830191260,0.00,3.10,1.4,43671320
16:46:26.457333595,0.00,3.11,0.2,43671024
16:46:28.046102990,0.00,3.10,1.9,43671564
16:46:29.639086982,0.00,3.09,0.2,43671808
16:46:31.239192851,0.00,3.13,0.4,43673328
16:46:32.827517941,0.00,3.12,1.3,43675788
16:46:34.447565001,0.00,3.14,0.2,43674216
16:46:36.046665198,0.00,3.11,1.7,43673644
16:46:37.642281667,0.00,3.14,2.2,43669352
16:46:39.281774690,0.00,3.13,2,43663568
16:46:40.919034222,0.00,3.16,3.9,43651836
16:46:42.554243374,0.00,3.10,0.2,43670840
16:46:44.158893551,0.00,3.13,1,43671968
16:46:45.759877744,0.00,3.11,0.8,43670244
16:46:47.405061268,0.00,3.12,0.1,43670548
16:46:49.010654092,0.00,3.13,1.8,43672268
16:46:50.620333140,0.00,3.14,0.1,43671696
16:46:52.224835836,0.00,3.13,0.5,43670512
16:46:53.827733812,0.00,3.12,1.7,43673896
16:46:55.443071486,0.00,3.14,0.2,43671784
16:46:57.054122006,0.00,3.12,1.7,43672340
16:46:58.652352354,0.00,3.13,0.2,43671468
16:47:00.251117534,0.00,3.11,0.3,43672460
16:47:01.843691961,0.00,3.14,1.3,43672548
16:47:03.482486663,0.00,3.13,2.7,43653392
16:47:05.118962165,0.00,3.15,3.2,43654044
16:47:06.741508666,0.00,3.16,2.8,43669384
16:47:08.369628566,0.00,3.14,0.1,43668068
16:47:09.960649969,0.00,3.12,2,43669792
16:47:11.573907831,0.00,3.13,0.2,43668504
16:47:13.177710481,0.00,3.12,0.8,43670772
16:47:14.771315771,0.00,3.10,0.9,43670824
16:47:16.405949797,0.00,3.13,0.2,43671264
16:47:18.005080382,0.00,3.14,1.8,43673284
16:47:19.598982004,0.00,3.14,0.2,43673544
16:47:21.194520918,0.00,3.12,0.7,43669180
16:47:22.790761110,0.00,3.11,1,43671856
16:47:24.423863292,0.00,3.12,0.2,43670568
16:47:26.020250074,0.00,3.13,1.7,43670904
16:47:27.625681748,0.00,3.11,0.2,43671552
16:47:29.223704305,0.00,3.15,2.5,43663200
16:47:30.875945712,0.00,3.15,3.6,43663820
16:47:32.515775210,0.00,3.16,2.2,43651296
16:47:34.128573275,0.00,3.13,1,43672484
16:47:35.745564160,0.00,3.13,0.6,43672064
16:47:37.350453071,0.00,3.12,0.2,43672320
16:47:38.945516638,0.00,3.11,1.9,43671768
16:47:40.545564478,0.00,3.12,0.2,43671556
16:47:42.139067023,0.00,3.12,1.1,43674072
16:47:43.732719047,0.00,3.11,1,43672000
16:47:45.357156184,0.00,3.13,0.2,43672324
16:47:46.955277545,0.00,3.13,1.9,43674316
16:47:48.571460578,0.00,3.12,0.2,43671464
16:47:50.184796372,0.00,3.11,0.8,43673112
16:47:51.789542580,0.00,3.12,0.8,43671256
16:47:53.402183996,0.00,3.13,0.2,43672120
16:47:55.015542900,0.00,3.14,5.6,43672944
16:47:56.668658061,0.00,3.15,2.2,43671900
16:47:58.314154294,0.00,3.14,2.1,43656968
16:47:59.930480271,0.00,3.13,1.9,43673304
16:48:01.558768302,0.00,3.13,0.2,43671972
16:48:03.164261842,0.00,3.09,2.2,43662344
16:48:04.785234758,0.00,3.11,1,43668652
16:48:06.416451667,0.00,3.13,0.2,43669532
16:48:08.016383983,0.00,3.12,1.9,43669856
16:48:09.620210863,0.00,3.13,0.2,43669616
16:48:11.219482245,0.00,3.11,0.5,43667784
16:48:12.820531109,0.00,3.12,1.1,43668192
16:48:14.436296253,0.00,3.14,0.2,43667352
16:48:16.034438095,0.00,3.13,1.7,43667252
16:48:17.636775604,0.00,3.11,0.2,43666564
16:48:19.244191134,0.00,3.13,0.3,43666704
16:48:20.848215057,0.00,3.15,3.6,43646468
16:48:22.507500643,0.00,3.15,1.9,43644720
16:48:24.134029859,0.00,3.14,3,43658388
16:48:25.782169941,0.00,3.15,1.3,43665456
16:48:27.445831913,0.00,3.13,0.1,43666744
16:48:29.049088990,0.00,3.12,1.7,43664948
16:48:30.651068461,0.00,3.12,0.2,43665124
16:48:32.262128915,0.00,3.12,0.3,43664836
16:48:33.860216588,0.00,3.08,1.9,43666528
16:48:35.475066746,0.00,3.12,0.2,43665984
16:48:37.070781474,0.00,3.11,1.7,43666288
16:48:38.666090915,0.00,3.14,0.2,43668584
16:48:40.295500273,0.00,3.14,0.1,43668048
16:48:41.899144811,0.00,3.12,1.5,43670420
16:48:43.509662581,0.00,3.12,0.2,43668932
16:48:45.105292562,0.00,3.10,1.4,43670144
16:48:46.708220691,0.00,3.17,2.5,43648404
16:48:48.361494802,0.00,3.15,1.9,43645376
16:48:50.006434131,0.00,3.14,3.5,43652272
16:48:51.662430425,0.00,3.14,0.2,43665912
16:48:53.293788778,0.00,3.12,0.2,43664164
16:48:54.917175156,0.00,3.13,1.8,43653076
16:48:56.544914636,0.00,3.14,0.1,43667472
16:48:58.147078954,0.00,3.11,1.2,43665164
16:48:59.741580583,0.00,3.13,0.4,43666224
16:49:01.348033357,0.00,3.11,0.2,43666652
16:49:02.948758240,0.00,3.11,1.9,43663636
16:49:04.576076224,0.00,3.12,0.2,43671108
16:49:06.200439815,0.00,3.12,0.7,43672512
16:49:07.804903481,0.00,3.12,0.9,43673832
16:49:09.402287817,0.00,3.11,0.2,43673356
16:49:11.006136838,0.00,3.12,1.8,43674432
16:49:12.617143362,0.00,3.17,2.2,43674436
16:49:14.252542013,0.00,3.15,2.1,43667024
16:49:15.895697436,0.00,3.13,3.8,43650072
16:49:17.531774556,0.00,3.14,0.2,43671160
16:49:19.138264054,0.00,3.12,1,43673344
16:49:20.736650269,0.00,3.11,0.4,43672664
16:49:22.336279927,0.00,3.12,0.1,43673040
16:49:23.930676786,0.00,3.11,2.3,43674352
16:49:25.539912524,0.00,3.12,0.2,43673380
16:49:27.144750508,0.00,3.11,1.1,43674280
16:49:28.738339698,0.00,3.11,0.5,43671652
16:49:30.338100839,0.00,3.13,0.2,43672768
16:49:31.939532585,0.00,3.12,1.9,43677432
16:49:33.540898416,0.00,3.10,0.2,43675588
16:49:35.145192257,0.00,3.12,1.1,43675268
16:49:36.737341827,0.00,3.12,0.6,43676748
16:49:38.363098272,0.00,3.15,2.1,43673572
16:49:39.993775005,0.00,3.12,3.8,43673832
16:49:41.636021618,0.00,3.16,2,43659496
16:49:43.256380299,0.00,3.14,0.4,43671008
16:49:44.856109341,0.00,3.13,1.4,43670776
16:49:46.466683155,0.00,3.09,0.2,43668704
16:49:48.074541068,0.00,3.14,1.5,43671800
16:49:49.684009083,0.00,3.12,0.2,43671048
16:49:51.288862248,0.00,3.12,0.2,43671516
16:49:52.888982583,0.00,3.12,1.6,43674464
16:49:54.494469386,0.00,3.12,0.2,43673376
16:49:56.096133880,0.00,3.15,1.2,43671780
16:49:57.705988567,0.00,3.13,0.3,43673428
16:49:59.310292845,0.00,3.11,0.2,43674136
16:50:00.910105728,0.00,3.11,1.6,43675364
16:50:02.527129818,0.00,3.13,0.2,43674388
16:50:04.139813112,0.00,3.16,3.1,43656584
16:50:05.787878248,0.00,3.16,3,43672728
16:50:07.437571441,0.00,3.18,2.1,43656588
16:50:09.052381067,0.00,3.17,1.6,43672480
16:50:10.664125125,0.00,3.09,0.1,43670152
16:50:12.265779813,0.00,3.11,0.3,43672180
16:50:13.871182985,0.00,3.13,2,43674748
16:50:15.486569999,0.00,3.11,0.2,43673896
16:50:17.084623945,0.00,3.12,1.5,43675952
16:50:18.684024663,0.00,3.10,0.2,43674888
16:50:20.295162510,0.00,3.12,0.2,43671816
16:50:21.901031373,0.00,3.13,1.6,43676068
16:50:23.506547657,0.00,3.12,0.2,43674100
16:50:25.100293697,0.00,3.10,1.3,43674832
16:50:26.699004437,0.00,3.12,0.2,43675872
16:50:28.293594532,0.00,3.12,0.2,43675668
16:50:29.895198597,0.00,3.13,3.7,43671520
16:50:31.539420308,0.00,3.15,2,43657040
16:50:33.163254777,0.00,3.13,2.9,43663080
16:50:34.783959836,0.00,3.13,1,43670592
16:50:36.438015143,0.00,3.12,0.2,43669924
16:50:38.046242296,0.00,3.11,1.7,43671104
16:50:39.657301765,0.00,3.12,0.2,43671260
16:50:41.256077502,0.00,3.12,0.3,43670332
16:50:42.857799764,0.00,3.12,1.2,43671340
16:50:44.455007589,0.00,3.12,0.2,43670260
16:50:46.057399635,0.00,3.11,1.6,43670532
16:50:47.665443860,0.00,3.11,0.2,43670388
16:50:49.269604491,0.00,3.11,0.2,43672024
16:50:50.873112448,0.00,3.11,1.2,43672128
16:50:52.473290578,0.00,3.14,0.2,43672652
16:50:54.064140912,0.00,3.13,1.8,43671960
16:50:55.667940319,0.00,3.14,3.8,43656836
16:50:57.315523695,0.00,3.14,2.1,43650796
16:50:58.950295604,0.00,3.16,3.9,43659764
16:51:00.596704621,0.00,3.16,0.2,43676100
16:51:02.204386296,0.00,3.14,0.7,43676632
16:51:03.806021083,0.00,3.19,1.6,43663112
16:51:05.455869605,0.00,3.12,0.2,43667984
16:51:07.063461829,0.00,3.13,1.5,43668384
16:51:08.662415285,0.00,3.11,0.2,43668900
16:51:10.260914598,0.00,3.15,0.3,43668028
16:51:11.865192569,0.00,3.11,1.3,43669532
16:51:13.469218920,0.00,3.12,0.2,43665636
16:51:15.068917208,0.00,3.13,1.5,43668188
16:51:16.671955917,0.00,3.11,0.2,43667484
16:51:18.275476172,0.00,3.12,0.2,43668204
16:51:19.876884525,0.00,3.13,1.4,43669120
16:51:21.483258655,0.00,3.13,2.1,43647296
16:51:23.118826231,0.00,3.14,3.1,43650504
16:51:24.744216635,0.00,3.15,2.7,43651524
16:51:26.409880321,0.00,3.16,0.2,43667268
16:51:28.017054032,0.00,3.12,1.7,43667364
16:51:29.613158284,0.00,3.12,0.2,43665792
16:51:31.213629689,0.00,3.12,0.6,43666724
16:51:32.818226388,0.00,3.12,1.1,43665476
16:51:34.421194422,0.00,3.13,0.2,43664236
16:51:36.020436525,0.00,3.15,1.9,43667788
16:51:37.631169870,0.00,3.13,0.2,43667372
16:51:39.227673334,0.00,3.14,0.4,43665676
16:51:40.829228113,0.00,3.12,1.1,43669504
16:51:42.435420533,0.00,3.13,0.2,43668972
16:51:44.043048687,0.00,3.14,2.1,43669684
16:51:45.643636861,0.00,3.14,0.2,43669140
16:51:47.249070023,0.00,3.17,2.2,43653152
16:51:48.898868919,0.00,3.15,3.6,43666836
16:51:50.546910646,0.00,3.15,2.1,43649312
16:51:52.168917016,0.00,3.15,0.9,43662432
16:51:53.765942515,0.00,3.11,1.4,43663328
16:51:55.399564754,0.00,3.12,0.2,43663268
16:51:57.012610832,0.00,3.13,1.9,43665204
16:51:58.618552156,0.00,3.11,0.2,43665628
16:52:00.220416779,0.00,3.14,0.5,43665360
16:52:01.819937218,0.00,3.10,1.1,43668028
16:52:03.422498524,0.00,3.12,3,43665312
16:52:05.041739797,0.00,3.11,1.6,43668052
16:52:06.660025350,0.00,3.10,0.2,43670928
16:52:08.264787038,0.00,3.13,0.3,43670472
16:52:09.859843323,0.00,3.12,1.3,43673036
16:52:11.466401621,0.00,3.14,0.2,43672704
16:52:13.067474166,0.00,3.13,3.5,43655288
16:52:14.697465027,0.00,3.13,2.2,43647236
16:52:16.344816414,0.00,3.18,2,43656484
16:52:17.986143549,0.00,3.15,1.8,43669840
16:52:19.604124590,0.00,3.11,0.1,43667432
16:52:21.198926142,0.00,3.12,0.9,43667068
16:52:22.801008319,0.00,3.12,1,43669504
16:52:24.403268212,0.00,3.14,0.2,43670004
16:52:26.009724692,0.00,3.11,1.9,43669324
16:52:27.616926855,0.00,3.13,0.2,43667856
16:52:29.223655289,0.00,3.14,0.6,43669820
16:52:30.819247952,0.00,3.14,1.1,43672548
16:52:32.422660591,0.00,3.12,0.2,43671228
16:52:34.021272106,0.00,3.10,2.2,43673972
16:52:35.620208150,0.00,3.11,0.1,43672740
16:52:37.243563629,0.00,3.12,0.4,43674080
16:52:38.843730056,0.00,3.14,3.4,43655052
16:52:40.478063328,0.00,3.18,2,43645644
16:52:42.105054902,0.00,3.13,3,43659184
16:52:43.732070216,0.00,3.16,3.2,43668588
16:52:45.402742916,0.00,3.14,1.9,43668216
16:52:47.059058184,0.00,3.13,1.4,43667512
16:52:48.694694470,0.00,3.13,0.3,43666852
16:52:50.330290500,0.00,3.13,0.2,43665904
16:52:51.930666016,0.00,3.10,1.8,43668704
16:52:53.527705694,0.00,3.10,0.2,43666916
16:52:55.134752428,0.00,3.13,1.1,43667520
16:52:56.743370483,0.00,3.17,0.6,43668908
16:52:58.363980013,0.00,3.13,0.2,43669776
16:52:59.965065159,0.00,3.12,1.8,43670432
16:53:01.573501183,0.00,3.12,0.2,43668240
16:53:03.173021947,0.00,3.14,1.2,43669200
16:53:04.774403109,0.00,3.15,3,43648888
16:53:06.429885307,0.00,3.15,2,43650788
16:53:08.061535190,0.00,3.16,3.4,43653352
16:53:09.689472287,0.00,3.14,0.2,43668988
16:53:11.309255922,0.00,3.13,0.2,43668744
16:53:12.903971195,0.00,3.13,1.6,43669656
16:53:14.506264876,0.00,3.13,0.1,43668652
16:53:16.103960268,0.00,3.11,1.4,43668920
16:53:17.701543226,0.00,3.11,0.2,43671048
16:53:19.314969571,0.00,3.14,0.1,43670648
16:53:20.911197417,0.00,3.13,1.6,43672348
16:53:22.511053429,0.00,3.12,0.2,43670820
16:53:24.100028862,0.00,3.11,1.4,43668428
16:53:25.707142680,0.00,3.10,0.3,43671528
16:53:27.310494893,0.00,3.14,0.2,43670428
16:53:28.901540991,0.00,3.12,1.6,43672644
16:53:30.510515625,0.00,3.15,2,43658136
16:53:32.136414957,0.00,3.14,3,43654192
16:53:33.761694362,0.00,3.15,3.3,43667724
16:53:35.413745731,0.00,3.15,0.9,43670084
16:53:37.022108061,0.00,3.11,1.9,43671132
16:53:38.626946825,0.00,3.13,0.2,43669472
16:53:40.233355158,0.00,3.12,0.4,43670356
16:53:41.838617362,0.00,3.13,1.2,43672540
16:53:43.442909434,0.00,3.10,0.2,43670812
16:53:45.040374328,0.00,3.11,1.8,43672076
16:53:46.638104157,0.00,3.11,0.2,43669904
16:53:48.251036067,0.00,3.10,0.3,43672108
16:53:49.859740836,0.00,3.13,1.3,43673804
16:53:51.464959758,0.00,3.12,0.1,43672288
16:53:53.061871141,0.00,3.11,1.6,43672104
16:53:54.660064500,0.00,3.12,0.2,43671120
16:53:56.273228560,0.00,3.16,3.7,43654988
16:53:57.907011894,0.00,3.16,3.9,43653736
16:53:59.542623115,0.00,3.16,1.9,43666484
16:54:01.164044658,0.00,3.16,1.5,43670004
16:54:02.785164301,0.00,3.12,2.8,43669760
16:54:04.403892168,0.00,3.14,0.2,43663856
16:54:06.014988132,0.00,3.11,1.8,43666424
16:54:07.627999683,0.00,3.13,0.2,43665020
16:54:09.232521153,0.00,3.14,0.5,43665732
16:54:10.838730372,0.00,3.14,1.2,43666212
16:54:12.434879234,0.00,3.12,0.1,43664308
16:54:14.032058531,0.00,3.13,2.2,43665384
16:54:15.627082049,0.00,3.12,0.1,43665892
16:54:17.233654505,0.00,3.13,0.6,43664684
16:54:18.829761446,0.00,3.12,1,43668464
16:54:20.439225387,0.00,3.11,0.2,43669148
16:54:22.031880589,0.00,3.14,3.5,43660692
16:54:23.672349783,0.00,3.14,2.3,43659996
16:54:25.324656681,0.00,3.16,2,43653836
16:54:26.968282507,0.00,3.14,2.9,43667160
16:54:28.584147386,0.00,3.14,0.2,43666748
16:54:30.188837880,0.00,3.12,0.8,43667332
16:54:31.792659562,0.00,3.13,0.9,43667912
16:54:33.425536437,0.00,3.12,0.1,43667036
16:54:35.024909289,0.00,3.12,1.8,43659688
16:54:36.622524510,0.00,3.13,0.2,43661756
16:54:38.231097777,0.00,3.12,0.5,43662284
16:54:39.830705881,0.00,3.13,1.2,43663072
16:54:41.461556712,0.00,3.13,0.1,43662428
16:54:43.055538934,0.00,3.11,1.7,43661316
16:54:44.657798975,0.00,3.11,0.2,43663160
16:54:46.271965200,0.00,3.12,0.2,43660264
16:54:47.881995781,0.00,3.17,3.7,43651356
16:54:49.525926088,0.00,3.15,2,43644452
16:54:51.160148697,0.00,3.13,2.7,43656528
16:54:52.793228244,0.00,3.16,1.9,43659444
16:54:54.433799583,0.00,3.13,0.2,43658640
16:54:56.040482375,0.00,3.14,1.8,43659980
16:54:57.660431909,0.00,3.12,0.2,43657828
16:54:59.283889766,0.00,3.12,0.2,43658432
16:55:00.883295306,0.00,3.13,1.5,43658196
16:55:02.507422481,0.00,3.13,0.2,43659320
16:55:04.104367411,0.00,3.17,1.3,43657968
16:55:05.736573932,0.00,3.12,0.6,43662104
16:55:07.370660880,0.00,3.14,0.2,43662008
16:55:08.973973087,0.00,3.12,1.8,43664956
16:55:10.577939280,0.00,3.10,0.2,43664728
16:55:12.174394035,0.00,3.13,0.8,43665168
16:55:13.770959465,0.00,3.15,3.1,43650264
16:55:15.420427297,0.00,3.16,2,43645540
16:55:17.050223137,0.00,3.16,3.5,43663164
16:55:18.664874008,0.00,3.20,1.3,43665184
16:55:20.287636116,0.00,3.15,0.2,43663292
16:55:21.882102947,0.00,3.13,1.3,43666372
16:55:23.487541138,0.00,3.11,0.2,43666848
16:55:25.083429253,0.00,3.13,1.4,43666984
16:55:26.682203551,0.00,3.14,0.1,43667492
16:55:28.291814710,0.00,3.14,0.2,43668336
16:55:29.883132904,0.00,3.12,1.6,43668784
16:55:31.504399452,0.00,3.13,0.2,43668784
16:55:33.098204027,0.00,3.13,1.5,43668348
16:55:34.696928759,0.00,3.15,0.3,43668184
16:55:36.319281035,0.00,3.15,0.2,43666728
16:55:37.922864829,0.00,3.12,1.7,43667988
16:55:39.519738888,0.00,3.15,2.2,43660732
16:55:41.148265408,0.00,3.17,3,43656136
16:55:42.786382755,0.00,3.17,3.1,43656256
16:55:44.437931970,0.00,3.15,1.3,43664296
16:55:46.061282912,0.00,3.14,1.6,43663732
16:55:47.671993974,0.00,3.13,0.2,43663316
16:55:49.299853783,0.00,3.13,0.2,43665252
16:55:50.908485400,0.00,3.12,1.7,43667428
16:55:52.531652333,0.00,3.12,0.2,43664832
16:55:54.126300048,0.00,3.13,1.2,43666448
16:55:55.731775901,0.00,3.12,0.6,43667584
16:55:57.363692923,0.00,3.17,0.2,43668304
16:55:58.978972194,0.00,3.13,1.9,43668804
16:56:00.590600057,0.00,3.14,0.2,43670116
16:56:02.189258058,0.00,3.14,0.8,43669660
16:56:03.779557804,0.00,3.16,1.3,43665628
16:56:05.419370769,0.00,3.15,2.1,43654956
16:56:07.050218474,0.00,3.19,3.3,43652764
16:56:08.678780215,0.00,3.15,2.3,43658012
16:56:10.326384633,0.00,3.15,1.8,43660976
16:56:11.940894038,0.00,3.14,1.7,43663952
16:56:13.564113578,0.00,3.12,0.2,43663376
16:56:15.168122646,0.00,3.15,0.9,43664164
16:56:16.763255924,0.00,3.12,0.8,43663592
16:56:18.386029338,0.00,3.13,0.2,43663868
16:56:19.978408109,0.00,3.14,1.8,43665560
16:56:21.571982158,0.00,3.11,0.2,43663624
16:56:23.174922866,0.00,3.09,0.8,43665480
16:56:24.767856010,0.00,3.10,1,43665080
16:56:26.402782086,0.00,3.13,0.1,43662044
16:56:28.002946921,0.00,3.13,1.9,43665532
16:56:29.606450503,0.00,3.13,0.2,43663792
16:56:31.211807030,0.00,3.17,2.6,43663620
16:56:32.833913450,0.00,3.17,3.5,43657068
16:56:34.475073753,0.00,3.17,2.1,43653216
16:56:36.101712179,0.00,3.17,3.3,43664196
16:56:37.713295004,0.00,3.13,0.6,43663424
16:56:39.348429377,0.00,3.13,0.1,43662980
16:56:40.945715163,0.00,3.14,1.8,43662924
16:56:42.552570284,0.00,3.11,0.2,43663684
16:56:44.147896026,0.00,3.11,1.1,43663760
16:56:45.747924892,0.00,3.10,0.7,43661392
16:56:47.378941002,0.00,3.13,0.2,43662180
16:56:48.997127248,0.00,3.13,1.9,43662364
16:56:50.612203034,0.00,3.13,0.1,43662360
16:56:52.218302683,0.00,3.13,0.5,43662308
16:56:53.818864212,0.00,3.13,1.8,43665876
16:56:55.464537215,0.00,3.14,0.1,43664932
16:56:57.059020392,0.00,3.16,5.1,43665164
16:56:58.718392423,0.00,3.14,2.7,43654780
16:57:00.384488512,0.00,3.16,2.1,43655340
16:57:02.013495345,0.00,3.14,3.7,43661864
16:57:03.624937417,0.00,3.13,0.2,43649232
16:57:05.260658708,0.00,3.14,0.3,43655252
16:57:06.866192846,0.00,3.11,1.5,43654444
16:57:08.486798392,0.00,3.12,0.2,43653200
16:57:10.084821140,0.00,3.12,1.5,43653244
16:57:11.682085977,0.00,3.13,0.2,43654796
16:57:13.297983157,0.00,3.15,0.2,43655608
16:57:14.900022614,0.00,3.12,1.6,43656504
16:57:16.506170011,0.00,3.15,0.2,43656944
16:57:18.100851329,0.00,3.12,1.4,43655888
16:57:19.694236520,0.00,3.14,0.3,43656164
16:57:21.324341140,0.00,3.13,0.2,43655760
16:57:22.920181865,0.00,3.18,3.8,43652436
16:57:24.569177707,0.00,3.19,2.1,43644568
16:57:26.212497974,0.00,3.13,2.5,43643836
16:57:27.830678547,0.00,3.15,2.6,43651588
16:57:29.465174835,0.00,3.13,0.2,43651412
16:57:31.066073076,0.00,3.12,1.6,43651788
16:57:32.660006408,0.00,3.15,0.2,43654128
16:57:34.265731575,0.00,3.17,0.3,43654864
16:57:35.857711296,0.00,3.14,1.5,43654860
16:57:37.486150108,0.00,3.12,0.2,43657296
16:57:39.076390907,0.00,3.12,1.5,43657784
16:57:40.675363145,0.00,3.13,0.2,43657020
16:57:42.294351573,0.00,3.13,0.1,43654836
16:57:43.892119778,0.00,3.12,2,43656760
16:57:45.501393277,0.00,3.13,0.1,43657940
16:57:47.089073113,0.00,3.16,1.4,43656768
16:57:48.694961156,0.00,3.17,2.3,43652212
16:57:50.339787280,0.00,3.17,2.1,43654884
16:57:51.977832912,0.00,3.14,3.8,43652484
16:57:53.600206281,0.00,3.16,1.9,43655196
16:57:55.234845988,0.00,3.15,0.4,43655300
16:57:56.838904532,0.00,3.12,1.4,43653032
16:57:58.485346574,0.00,3.14,0.2,43656484
16:58:00.091760767,0.00,3.11,1.5,43655700
16:58:01.692020361,0.00,3.11,0.3,43655816
16:58:03.315377830,0.00,3.12,2,43652228
16:58:04.939691826,0.00,3.12,1.9,43661600
16:58:06.555064616,0.00,3.12,0.2,43662660
16:58:08.151759818,0.00,3.14,1.2,43661232
16:58:09.743122683,0.00,3.14,0.6,43663512
16:58:11.374625895,0.00,3.12,0.1,43663124
16:58:12.965991584,0.00,3.11,1.9,43663988
16:58:14.584302900,0.00,3.15,2.2,43655248
16:58:16.216092202,0.00,3.18,2.5,43651488
16:58:17.842765260,0.00,3.16,3.3,43651564
16:58:19.500759279,0.00,3.16,1.1,43660612
16:58:21.099031897,0.00,3.11,1.5,43661468
16:58:22.694831094,0.00,3.11,0.3,43661180
16:58:24.316720730,0.00,3.13,0.2,43662092
16:58:25.916663688,0.00,3.14,1.9,43662196
16:58:27.538231208,0.00,3.13,0.2,43661472
16:58:29.134260291,0.00,3.13,1.3,43663448
16:58:30.732741280,0.00,3.12,0.7,43662676
16:58:32.363661491,0.00,3.13,0.1,43662604
16:58:33.959140169,0.00,3.14,2.2,43662316
16:58:35.579809755,0.00,3.13,0.2,43664728
16:58:37.176083761,0.00,3.13,0.8,43666312
16:58:38.774129234,0.00,3.13,0.7,43663704
16:58:40.375666765,0.00,3.17,2.3,43651260
16:58:42.011726044,0.00,3.14,3.7,43647288
16:58:43.650043409,0.00,3.17,2,43650928
16:58:45.289839678,0.00,3.15,1.3,43660532
16:58:46.907931157,0.00,3.14,1.9,43659556
16:58:48.549071156,0.00,3.13,0.2,43660232
16:58:50.159059762,0.00,3.11,1,43661412
16:58:51.756293028,0.00,3.13,0.7,43659760
16:58:53.382373887,0.00,3.12,0.2,43659888
16:58:54.984278905,0.00,3.12,2,43661408
16:58:56.595019411,0.00,3.13,0.2,43662652
16:58:58.194079484,0.00,3.15,0.7,43663244
16:58:59.809762912,0.00,3.13,1.1,43663284
16:59:01.442874283,0.00,3.11,0.2,43662824
16:59:03.041926875,0.00,3.13,1.9,43658668
16:59:04.647006255,0.00,3.12,0.1,43661688
16:59:06.275266919,0.00,3.16,2.2,43645524
16:59:07.908524805,0.00,3.12,3.6,43643356
16:59:09.568418651,0.00,3.15,2,43655136
16:59:11.198153266,0.00,3.16,1.2,43661252
16:59:12.804976425,0.00,3.13,1,43662200
16:59:14.428388688,0.00,3.11,0.2,43659936
16:59:16.033385620,0.00,3.12,1.8,43662028
16:59:17.631607420,0.00,3.13,0.2,43662724
16:59:19.234189801,0.00,3.12,0.6,43661624
16:59:20.832172548,0.00,3.12,1.2,43662780
16:59:22.454979348,0.00,3.12,0.2,43660756
16:59:24.049826157,0.00,3.13,2.2,43660092
16:59:25.650448225,0.00,3.14,0.2,43663508
16:59:27.265387515,0.00,3.09,0.3,43662688
16:59:28.864431111,0.00,3.14,1.5,43664384
16:59:30.471101104,0.00,3.12,0.2,43662788
16:59:32.062146867,0.00,3.16,3.7,43648880
16:59:33.691366506,0.00,3.16,2.3,43647064
16:59:35.344465692,0.00,3.15,2,43657676
16:59:36.978779453,0.00,3.16,2.6,43659088
16:59:38.593835113,0.00,3.13,0.2,43658856
16:59:40.186451966,0.00,3.11,0.8,43661544
16:59:41.779984561,0.00,3.11,0.9,43661172
16:59:43.407944147,0.00,3.13,0.2,43660656
16:59:45.006929294,0.00,3.13,1.9,43660224
16:59:46.608213850,0.00,3.14,0.5,43655848
16:59:48.217290393,0.00,3.14,0.6,43656212
16:59:49.824751035,0.00,3.14,1.1,43656828
16:59:51.451732961,0.00,3.12,0.2,43658800
16:59:53.045557009,0.00,3.14,1.7,43660772
16:59:54.639843149,0.00,3.13,0.2,43660180
16:59:56.248762359,0.00,3.10,0.3,43659924
16:59:57.856081026,0.00,3.15,4.5,43648656
16:59:59.540122896,0.00,3.16,1.9,43644652
17:00:01.166344047,0.00,3.17,2.6,43655196
17:00:02.809526075,0.00,3.15,1.9,43660312
17:00:04.471426395,0.00,3.14,0.2,43650892
17:00:06.080709516,0.00,3.13,1.6,43653080
17:00:07.678625361,0.00,3.11,0.2,43651264
17:00:09.297368137,0.00,3.13,0.2,43650920
17:00:10.898855891,0.00,3.15,1.6,43655396
17:00:12.522495336,0.00,3.13,0.2,43655844
17:00:14.112299592,0.00,3.13,1.4,43655932
17:00:15.715543020,0.00,3.12,0.3,43653300
17:00:17.328299429,0.00,3.14,0.2,43653516
17:00:18.918856745,0.00,3.13,1.7,43655760
17:00:20.537186928,0.00,3.12,0.2,43655200
17:00:22.132593154,0.00,3.12,1.2,43654932
17:00:23.721721917,0.00,3.16,2.5,43639960
17:00:25.367509796,0.00,3.17,2.1,43642704
17:00:26.983574686,0.00,3.15,3.7,43642548
17:00:28.618671820,0.00,3.18,1.2,43650224
17:00:30.237048470,0.00,3.12,0.3,43649436
17:00:31.855988581,0.00,3.13,1.4,43652372
17:00:33.483407283,0.00,3.13,0.2,43650612
17:00:35.079472340,0.00,3.13,1.6,43650352
17:00:36.680439086,0.00,3.11,0.2,43649404
17:00:38.291049283,0.00,3.14,0.2,43649488
17:00:39.881598276,0.00,3.14,1.6,43650972
17:00:41.499177375,0.00,3.15,0.2,43648052
17:00:43.088048781,0.00,3.13,1.6,43650700
17:00:44.695023973,0.00,3.13,0.3,43649860
17:00:46.322026369,0.00,3.14,0.2,43650556
17:00:47.933586691,0.00,3.13,1.9,43650472
17:00:49.563966289,0.00,3.13,2.1,43636936
17:00:51.194237185,0.00,3.15,2.5,43638660
17:00:52.821994640,0.00,3.14,3.1,43650816
17:00:54.474382577,0.00,3.19,1,43648700
17:00:56.086431473,0.00,3.13,1.3,43649816
17:00:57.690637853,0.00,3.14,0.3,43633236
17:00:59.316597793,0.00,3.13,0.2,43649904
17:01:00.920791290,0.00,3.10,1.8,43651212
17:01:02.552094561,0.00,3.11,0.3,43648468
17:01:04.158220694,0.00,3.14,0.9,43654720
17:01:05.785382306,0.00,3.13,1,43654936
17:01:07.419001395,0.00,3.14,0.9,43648788
17:01:09.025061856,0.00,3.11,1.9,43652584
17:01:10.629108367,0.00,3.11,0.2,43651712
17:01:12.245617331,0.00,3.10,0.6,43651332
17:01:13.831947065,0.00,3.14,1.7,43654216
17:01:15.465608150,0.00,3.12,2.1,43633428
17:01:17.104084455,0.00,3.14,3.3,43631864
17:01:18.732694616,0.00,3.13,2.3,43647760
17:01:20.365868110,0.00,3.17,0.6,43650080
17:01:21.965288092,0.00,3.13,1.9,43653120
17:01:23.568161540,0.00,3.14,0.2,43651380
17:01:25.171124702,0.00,3.14,0.8,43653764
17:01:26.764381747,0.00,3.14,0.8,43652256
17:01:28.400689548,0.00,3.13,0.2,43650936
17:01:29.995502540,0.00,3.13,1.8,43651064
17:01:31.595698568,0.00,3.12,0.2,43652592
17:01:33.206857377,0.00,3.16,0.7,43651168
17:01:34.802629909,0.00,3.14,0.9,43654628
17:01:36.410865347,0.00,3.13,0.2,43653792
17:01:38.004941318,0.00,3.13,1.7,43656436
17:01:39.600888393,0.00,3.13,0.2,43654676
17:01:41.205106780,0.00,3.15,2.6,43638568
17:01:42.838446955,0.00,3.14,3.3,43636728
17:01:44.502414256,0.00,3.16,2,43644656
17:01:46.117437512,0.00,3.15,1.7,43651384
17:01:47.728283520,0.00,3.13,0.7,43655176
17:01:49.367737116,0.00,3.10,0.2,43654508
17:01:50.968872088,0.00,3.15,1.8,43655552
17:01:52.601151641,0.00,3.13,0.2,43654304
17:01:54.216931569,0.00,3.14,0.5,43655304
17:01:55.821068438,0.00,3.14,1.2,43655608
17:01:57.462691410,0.00,3.15,0.1,43653700
17:01:59.063514516,0.00,3.14,1.6,43656292
17:02:00.687122532,0.00,3.14,0.3,43653444
17:02:02.317666197,0.00,3.10,0.2,43654732
17:02:03.924657876,0.00,3.18,2.4,43654060
17:02:05.550266496,0.00,3.12,0.2,43655244
17:02:07.152503426,0.00,3.15,3,43653528
17:02:08.788947707,0.00,3.13,3,43656632
17:02:10.450190495,0.00,3.17,1.9,43635024
17:02:12.066711533,0.00,3.15,1.5,43652788
17:02:13.666742631,0.00,3.13,0.2,43650760
17:02:15.285901515,0.00,3.12,0.2,43651496
17:02:16.886450294,0.00,3.12,1.7,43652408
17:02:18.511035537,0.00,3.14,0.2,43651568
17:02:20.100227247,0.00,3.14,1.4,43652852
17:02:21.701446359,0.00,3.12,0.3,43650920
17:02:23.313464298,0.00,3.12,0.2,43651360
17:02:24.916591919,0.00,3.11,1.8,43651956
17:02:26.533291960,0.00,3.12,0.2,43651432
17:02:28.129511703,0.00,3.12,1.3,43652720
17:02:29.718573904,0.00,3.14,0.3,43652616
17:02:31.331902162,0.00,3.13,0.2,43653236
17:02:32.930608117,0.00,3.14,3.8,43653320
17:02:34.577826540,0.00,3.15,2,43639696
17:02:36.200169247,0.00,3.15,2.6,43641604
17:02:37.834278865,0.00,3.13,1.4,43653248
17:02:39.470752944,0.00,3.12,0.1,43652828
17:02:41.073227924,0.00,3.12,1.7,43652044
17:02:42.663695948,0.00,3.10,0.2,43651152
17:02:44.268975148,0.00,3.11,0.2,43652216
17:02:45.868719456,0.00,3.12,1.3,43653928
17:02:47.473099289,0.00,3.14,0.2,43649952
17:02:49.088756786,0.00,3.12,1.5,43650660
17:02:50.691646403,0.00,3.11,0.2,43651816
17:02:52.315119467,0.00,3.13,0.2,43650948
17:02:53.909780597,0.00,3.12,2.2,43652184
17:02:55.525185392,0.00,3.11,0.1,43650756
17:02:57.116869250,0.00,3.11,1.4,43652164
17:02:58.717677906,0.00,3.14,2.7,43627816
17:03:00.395202255,0.00,3.16,2.1,43624376
17:03:02.038228233,0.00,3.16,3.7,43633516
17:03:03.656630025,0.00,3.16,0.3,43642316
17:03:05.300470784,0.00,3.12,0.2,43644012
17:03:06.921561653,0.00,3.11,1.7,43645208
17:03:08.531920764,0.00,3.12,0.2,43645032
17:03:10.124100575,0.00,3.12,1.2,43643432
17:03:11.719552911,0.00,3.12,0.5,43646700
17:03:13.343943697,0.00,3.11,0.2,43646128
17:03:14.938302583,0.00,3.11,1.8,43648084
17:03:16.545543552,0.00,3.13,0.2,43648852
17:03:18.138147645,0.00,3.12,1.1,43648924
17:03:19.730911803,0.00,3.13,0.5,43648256
17:03:21.352536008,0.00,3.11,0.2,43649108
17:03:22.948933322,0.00,3.11,1.8,43650676
17:03:24.566148211,0.00,3.16,2,43639568
17:03:26.186774438,0.00,3.15,2.7,43637352
17:03:27.810690955,0.00,3.16,3.2,43648064
17:03:29.458210701,0.00,3.15,0.6,43648860
17:03:31.070847215,0.00,3.11,1.6,43649948
17:03:32.668107637,0.00,3.13,0.2,43649064
17:03:34.268047020,0.00,3.13,0.3,43648032
17:03:35.873636907,0.00,3.12,1.6,43651468
17:03:37.486014673,0.00,3.14,0.2,43652116
17:03:39.084297326,0.00,3.12,1.5,43650992
17:03:40.683734570,0.00,3.12,0.2,43650816
17:03:42.297556604,0.00,3.13,0.2,43649668
17:03:43.890887162,0.00,3.14,2,43652324
17:03:45.493790029,0.00,3.13,0.2,43651128
17:03:47.092062421,0.00,3.14,1.9,43651796
17:03:48.706536161,0.00,3.13,0.4,43652900
17:03:50.346155943,0.00,3.16,2.1,43633472
17:03:51.980288893,0.00,3.16,3.8,43633632
17:03:53.618646598,0.00,3.18,2,43649820
17:03:55.264160846,0.00,3.16,0.8,43649008
17:03:56.896783449,0.00,3.12,1.7,43649120
17:03:58.519653217,0.00,3.14,0.8,43649080
17:04:00.124140477,0.00,3.11,1.2,43649508
17:04:01.725398753,0.00,3.12,0.6,43649100
17:04:03.344165792,0.00,3.12,2,43650600
17:04:04.970261756,0.00,3.15,1.8,43653988
17:04:06.587908954,0.00,3.11,0.2,43655064
17:04:08.185484628,0.00,3.14,0.8,43657404
17:04:09.783463788,0.00,3.12,0.7,43659204
17:04:11.385086068,0.00,3.13,0.1,43657828
17:04:12.983944176,0.00,3.12,1.8,43658928
17:04:14.585642108,0.00,3.15,0.2,43657268
17:04:16.183120495,0.00,3.17,2.7,43642428
17:04:17.804585831,0.00,3.14,3.2,43639172
17:04:19.470386099,0.00,3.15,1.9,43649412
17:04:21.097002426,0.00,3.17,2.1,43653812
17:04:22.704896661,0.00,3.14,0.2,43653080
17:04:24.309231643,0.00,3.11,0.2,43654572
17:04:25.911126700,0.00,3.13,1.6,43655176
17:04:27.524893941,0.00,3.13,0.2,43654956
17:04:29.133534588,0.00,3.12,1,43653956
17:04:30.728838668,0.00,3.12,0.5,43653704
17:04:32.348976709,0.00,3.14,0.2,43653020
17:04:33.944856592,0.00,3.14,2.2,43654516
17:04:35.550149653,0.00,3.12,0.2,43654612
17:04:37.144769995,0.00,3.12,1,43653552
17:04:38.742162551,0.00,3.11,0.4,43654644
17:04:40.339062635,0.00,3.11,0.2,43655344
17:04:41.935193462,0.00,3.18,3.8,43642824
17:04:43.596077271,0.00,3.16,2,43639832
17:04:45.228663656,0.00,3.15,2.4,43653500
17:04:46.877566308,0.00,3.18,2.9,43652900
17:04:48.519168753,0.00,3.14,0.2,43652808
17:04:50.123485666,0.00,3.13,1.1,43652308
17:04:51.722690590,0.00,3.12,0.6,43655908
17:04:53.353872729,0.00,3.14,0.2,43652720
17:04:54.950930556,0.00,3.14,1.9,43653924
17:04:56.553365739,0.00,3.13,0.2,43653336
17:04:58.150694038,0.00,3.13,1,43653904
17:04:59.751650153,0.00,3.12,0.7,43654588
17:05:01.385257113,0.00,3.13,0.2,43656272
17:05:02.979271403,0.00,3.14,1.9,43651852
17:05:04.592100463,0.00,3.14,0.2,43652488
17:05:06.193869225,0.00,3.13,0.8,43653776
17:05:07.790787515,0.00,3.16,3,43641684
17:05:09.431294475,0.00,3.12,2,43637588
17:05:11.057844446,0.00,3.16,3.6,43648672
17:05:12.676580988,0.00,3.16,1,43653524
17:05:14.309308917,0.00,3.14,0.2,43652164
17:05:15.913005085,0.00,3.13,1.7,43653368
17:05:17.529114967,0.00,3.13,0.2,43650676
17:05:19.117117253,0.00,3.14,1.2,43652264
17:05:20.710808580,0.00,3.12,0.3,43653100
17:05:22.311079974,0.00,3.13,0.1,43650644
17:05:23.901966971,0.00,3.13,2,43652084
17:05:25.521169229,0.00,3.14,0.1,43652764
17:05:27.117168969,0.00,3.14,1.5,43654668
17:05:28.713079140,0.00,3.15,0.5,43654336
17:05:30.328484924,0.00,3.14,0.2,43653276
17:05:31.919798558,0.00,3.13,1.8,43654016
17:05:33.534848646,0.00,3.17,2.2,43639108
17:05:35.179926260,0.00,3.17,2.7,43644012
17:05:36.811368561,0.00,3.15,3.2,43642540
17:05:38.461189775,0.00,3.16,1.5,43654424
17:05:40.060356571,0.00,3.14,1.6,43656652
17:05:41.660591390,0.00,3.13,0.2,43657136
17:05:43.255067332,0.00,3.13,0.3,43655800
17:05:44.847442630,0.00,3.14,1.3,43656612
17:05:46.456637198,0.00,3.13,0.2,43652600
17:05:48.055667257,0.00,3.10,1.6,43654852
17:05:49.664634722,0.00,3.12,0.2,43653060
17:05:51.264533459,0.00,3.14,0.2,43655664
17:05:52.866225664,0.00,3.14,1.6,43656052
17:05:54.491139445,0.00,3.14,0.2,43656740
17:05:56.091258630,0.00,3.14,1.6,43656160
17:05:57.691480143,0.00,3.13,0.3,43659272
17:05:59.300648803,0.00,3.18,3,43654432
17:06:00.944002555,0.00,3.17,4.1,43653024
17:06:02.602500118,0.00,3.17,2.1,43653212
17:06:04.233547609,0.00,3.18,2,43644136
17:06:05.907467650,0.00,3.13,1.7,43649944
17:06:07.523072152,0.00,3.12,0.2,43650260
17:06:09.111284302,0.00,3.14,1.2,43649724
17:06:10.707863971,0.00,3.12,0.5,43650228
17:06:12.331942169,0.00,3.13,0.2,43650076
17:06:13.930981369,0.00,3.14,2.4,43651148
17:06:15.544711889,0.00,3.15,0.2,43648940
17:06:17.150425013,0.00,3.11,1,43651628
17:06:18.743869739,0.00,3.13,0.6,43653984
17:06:20.344484181,0.00,3.12,0.2,43653632
17:06:21.935960698,0.00,3.10,1.8,43655320
17:06:23.537684225,0.00,3.12,0.2,43653284
17:06:25.130941233,0.00,3.18,3.3,43641012
17:06:26.754735612,0.00,3.17,2.9,43651976
17:06:28.405133704,0.00,3.17,2,43649480
17:06:30.031844418,0.00,3.17,3.9,43652376
17:06:31.641561938,0.00,3.13,0.2,43652252
17:06:33.256186567,0.00,3.14,0.3,43652788
17:06:34.855410828,0.00,3.15,1.3,43653460
17:06:36.470679270,0.00,3.13,0.2,43653256
17:06:38.069100583,0.00,3.12,1.6,43653148
17:06:39.661820086,0.00,3.13,0.2,43652444
17:06:41.256237119,0.00,3.11,0.3,43651440
17:06:42.853027349,0.00,3.11,1.3,43652832
17:06:44.455094448,0.00,3.14,0.2,43653076
17:06:46.051915951,0.00,3.10,1.9,43652452
17:06:47.650315938,0.00,3.15,0.2,43651780
17:06:49.259228108,0.00,3.14,0.3,43650512
17:06:50.861600007,0.00,3.16,3.6,43644672
17:06:52.506536494,0.00,3.16,2.3,43628500
17:06:54.146970604,0.00,3.17,2.9,43627372
17:06:55.774857060,0.00,3.18,2.9,43651624
17:06:57.396276876,0.00,3.13,0.2,43650396
17:06:58.992403634,0.00,3.15,1.9,43651472
17:07:00.610379977,0.00,3.16,0.2,43648592
17:07:02.226674282,0.00,3.11,0.6,43649696
17:07:03.820838115,0.00,3.16,2.1,43649032
17:07:05.446185396,0.00,3.14,0.2,43651576
17:07:07.044767483,0.00,3.13,1.8,43654048
17:07:08.649896327,0.00,3.13,0.2,43652212
17:07:10.260592900,0.00,3.14,0.3,43652440
17:07:11.851604365,0.00,3.14,1.2,43654824
17:07:13.456599972,0.00,3.15,0.2,43654276
17:07:15.053640707,0.00,3.15,1.7,43653548
17:07:16.655533486,0.00,3.14,2.1,43651116
17:07:18.272917381,0.00,3.16,2.1,43635472
17:07:19.913569459,0.00,3.15,3.5,43633876
17:07:21.555439560,0.00,3.16,2.1,43654980
17:07:23.160890293,0.00,3.12,1,43654832
17:07:24.758785977,0.00,3.14,0.7,43655984
17:07:26.372051116,0.00,3.12,0.2,43655172
17:07:27.962565912,0.00,3.13,1.7,43656452
17:07:29.561849014,0.00,3.13,0.2,43656148
17:07:31.159729818,0.00,3.12,1,43657920
17:07:32.754664387,0.00,3.13,0.4,43657556
17:07:34.351741660,0.00,3.12,0.2,43657256
17:07:35.944129380,0.00,3.12,1.8,43658916
17:07:37.552214316,0.00,3.11,0.2,43657776
17:07:39.148636512,0.00,3.13,1.2,43658536
17:07:40.745174353,0.00,3.14,0.6,43657728
17:07:42.369997944,0.00,3.15,2.1,43657820
17:07:43.971364994,0.00,3.16,4.2,43643528
17:07:45.608555121,0.00,3.16,1.9,43640556
17:07:47.253116614,0.00,3.15,2.5,43652840
17:07:48.867102293,0.00,3.14,1.3,43655340
17:07:50.478280437,0.00,3.12,0.1,43653648
17:07:52.071363749,0.00,3.11,1.7,43653848
17:07:53.672553689,0.00,3.10,0.1,43655104
17:07:55.274841600,0.00,3.12,0.1,43652024
17:07:56.872855687,0.00,3.13,1.5,43652644
17:07:58.476815722,0.00,3.12,0.2,43651504
17:08:00.075436134,0.00,3.18,1.5,43654508
17:08:01.684464908,0.00,3.13,0.2,43657484
17:08:03.306839784,0.00,3.10,0.8,43652832
17:08:04.914744107,0.00,3.14,1.7,43658232
17:08:06.521278416,0.00,3.13,0.2,43659132
17:08:08.116036433,0.00,3.15,3.2,43653800
17:08:09.730698459,0.00,3.17,2.6,43636872
17:08:11.389787161,0.00,3.13,2,43635148
17:08:13.017713589,0.00,3.19,3.6,43655404
17:08:14.650281611,0.00,3.14,0.2,43654160
17:08:16.259529561,0.00,3.10,0.3,43653744
17:08:17.852610377,0.00,3.13,1.3,43656480
17:08:19.455957812,0.00,3.12,0.2,43654720
17:08:21.047115634,0.00,3.13,1.7,43657888
17:08:22.644558786,0.00,3.11,0.1,43659088
17:08:24.245765963,0.00,3.13,0.4,43656600
17:08:25.846150687,0.00,3.13,1.2,43658512
17:08:27.450079356,0.00,3.11,0.2,43657132
17:08:29.047949810,0.00,3.12,1.7,43657564
17:08:30.647190608,0.00,3.12,0.2,43658012
17:08:32.262394244,0.00,3.12,0.3,43656068
17:08:33.858469422,0.00,3.16,3.8,43649928
17:08:35.492544757,0.00,3.15,2.1,43640956
17:08:37.116525009,0.00,3.17,3.2,43644456
17:08:38.731933127,0.00,3.15,2.4,43644700
17:08:40.369542911,0.00,3.12,0.1,43652812
17:08:41.968984446,0.00,3.14,1.7,43653764
17:08:43.575295320,0.00,3.12,0.2,43652660
17:08:45.176876104,0.00,3.13,0.8,43654672
17:08:46.775684437,0.00,3.13,0.7,43653684
17:08:48.393542476,0.00,3.12,0.2,43653636
17:08:50.001441821,0.00,3.13,1.7,43656032
17:08:51.602069544,0.00,3.11,0.1,43654172
17:08:53.203338271,0.00,3.12,0.7,43655212
17:08:54.805809747,0.00,3.11,1.1,43656996
17:08:56.426903527,0.00,3.14,0.2,43656668
17:08:58.027018816,0.00,3.13,1.7,43657268
17:08:59.634591798,0.00,3.14,2.7,43647704
17:09:01.254798098,0.00,3.14,2.1,43647492
17:09:02.893897905,0.00,3.16,3.8,43643424
17:09:04.557039145,0.00,3.17,2,43646008
17:09:06.197658395,0.00,3.12,0.7,43648068
17:09:07.800935180,0.00,3.14,1,43649128
17:09:09.431562998,0.00,3.13,0.2,43650100
17:09:11.025082760,0.00,3.12,1.8,43650312
17:09:12.615872966,0.00,3.10,0.2,43651444
17:09:14.214273785,0.00,3.12,0.7,43650120
17:09:15.820078798,0.00,3.14,1.2,43650536
17:09:17.453809000,0.00,3.13,0.2,43649460
17:09:19.050241678,0.00,3.14,1.7,43649284
17:09:20.652864603,0.00,3.09,0.2,43650716
17:09:22.262182202,0.00,3.13,0.3,43649288
17:09:23.858575907,0.00,3.14,1.8,43650596
17:09:25.483339682,0.00,3.11,2.1,43643424
17:09:27.097301155,0.00,3.12,3,43645688
17:09:28.731949926,0.00,3.14,2.7,43642120
17:09:30.405493666,0.00,3.12,1.9,43645376
17:09:32.009511990,0.00,3.13,1.8,43649292
17:09:33.605247960,0.00,3.11,0.2,43647036
17:09:35.218283263,0.00,3.12,0.5,43648880
17:09:36.830092565,0.00,3.12,1.3,43649976
17:09:38.453415856,0.00,3.11,0.2,43648832
17:09:40.041170203,0.00,3.11,1.7,43648580
17:09:41.632326450,0.00,3.11,0.2,43648692
17:09:43.235294442,0.00,3.12,0.5,43646040
17:09:44.833876491,0.00,3.13,1.4,43652284
17:09:46.466947938,0.00,3.12,0.2,43652696
17:09:48.060771550,0.00,3.12,1.5,43650692
17:09:49.682402334,0.00,3.12,0.2,43649888
17:09:51.301764863,0.00,3.12,2.1,43650892
17:09:52.928207161,0.00,3.16,3.7,43645548
17:09:54.585104324,0.00,3.17,1.9,43644928
17:09:56.224696076,0.00,3.16,2.3,43633636
17:09:57.846118160,0.00,3.13,1.2,43647612
17:09:59.448532903,0.00,3.12,0.2,43646920
17:10:01.052673889,0.00,3.11,1.7,43647460
17:10:02.674786892,0.00,3.12,0.8,43648952
17:10:04.330423145,0.00,3.13,0.2,43652140
17:10:05.961552267,0.00,3.14,1.9,43655804
17:10:07.570056555,0.00,3.14,0.2,43652520
17:10:09.165789690,0.00,3.15,0.9,43655856
17:10:10.766389618,0.00,3.12,0.7,43655576
17:10:12.391370816,0.00,3.14,0.2,43653752
17:10:13.991725630,0.00,3.13,2.3,43656160
17:10:15.590289408,0.00,3.12,0.2,43657472
17:10:17.199427833,0.00,3.14,2.7,43650668
17:10:18.807268077,0.00,3.17,3.3,43656948
17:10:20.464797290,0.00,3.17,2,43655240
17:10:22.090721425,0.00,3.16,3.3,43655568
17:10:23.695944288,0.00,3.15,0.3,43655020
17:10:25.332104046,0.00,3.12,0.2,43655208
17:10:26.931490559,0.00,3.14,1.9,43655376
17:10:28.554567944,0.00,3.13,0.2,43655272
17:10:30.147962376,0.00,3.13,1.1,43656852
17:10:31.736863050,0.00,3.13,0.6,43657032
17:10:33.365895665,0.00,3.13,0.2,43657264
17:10:34.965386510,0.00,3.15,1.9,43657740
17:10:36.569663305,0.00,3.15,0.2,43658336
17:10:38.164942598,0.00,3.13,1,43658148
17:10:39.761462960,0.00,3.13,0.7,43657012
17:10:41.388370067,0.00,3.11,0.1,43657020
17:10:42.982394636,0.00,3.12,3.9,43659120
17:10:44.616085920,0.00,3.18,1.9,43658204
17:10:46.268635306,0.00,3.16,2.1,43652640
17:10:47.892391720,0.00,3.17,3.6,43658308
17:10:49.537889908,0.00,3.14,0.2,43657408
17:10:51.142175768,0.00,3.15,1.1,43657752
17:10:52.736507105,0.00,3.11,0.6,43658748
17:10:54.363740390,0.00,3.15,0.2,43658284
17:10:55.963824500,0.00,3.11,1.9,43658272
17:10:57.586173767,0.00,3.08,0.1,43657516
17:10:59.192157842,0.00,3.12,0.8,43658044
17:11:00.790202910,0.00,3.15,1.2,43657720
17:11:02.440927261,0.00,3.12,0.2,43658944
17:11:04.042724758,0.00,3.10,2.3,43659220
17:11:05.648883711,0.00,3.13,0.2,43659032
17:11:07.255742521,0.00,3.13,0.3,43657660
17:11:08.851733436,0.00,3.12,3.2,43658672
17:11:10.467047354,0.00,3.17,1.8,43643772
17:11:12.096784801,0.00,3.16,3.2,43657036
17:11:13.719795681,0.00,3.16,2.4,43641812
17:11:15.371899904,0.00,3.11,0.2,43653176
17:11:16.975432176,0.00,3.12,1.8,43655908
17:11:18.571267144,0.00,3.13,0.2,43655588
17:11:20.170111947,0.00,3.12,0.9,43657812
17:11:21.758981250,0.00,3.13,0.7,43657972
17:11:23.383057823,0.00,3.13,0.2,43656452
17:11:24.979235271,0.00,3.12,1.7,43657916
17:11:26.582196729,0.00,3.13,0.2,43659120
17:11:28.175769160,0.00,3.13,0.9,43659600
17:11:29.764572800,0.00,3.12,0.7,43659192
17:11:31.390376002,0.00,3.13,0.2,43658992
17:11:32.982736668,0.00,3.14,1.8,43660532
17:11:34.581406628,0.00,3.11,2.1,43653532
17:11:36.204791197,0.00,3.13,2.5,43648996
17:11:37.832260106,0.00,3.16,3.1,43638504
17:11:39.471723001,0.00,3.14,2,43649160
17:11:41.080075943,0.00,3.14,1.6,43654168
17:11:42.683535986,0.00,3.14,0.2,43654580
17:11:44.306080398,0.00,3.13,0.2,43653072
17:11:45.912733444,0.00,3.12,1.7,43653892
17:11:47.516566577,0.00,3.14,0.6,43651544
17:11:49.123424389,0.00,3.11,1.1,43651540
17:11:50.730277383,0.00,3.11,0.5,43652084
17:11:52.353839853,0.00,3.13,0.2,43651624
17:11:53.953220115,0.00,3.14,2.3,43653504
17:11:55.569129158,0.00,3.13,0.2,43651064
17:11:57.173541711,0.00,3.11,0.8,43654088
17:11:58.772183751,0.00,3.13,0.7,43652548
17:12:00.391782181,0.00,3.14,3.1,43649336
17:12:02.016630872,0.00,3.17,3.7,43646224
17:12:03.642139589,0.00,3.20,2.1,43626152
17:12:05.319227797,0.00,3.18,2.2,43631636
17:12:06.971117017,0.00,3.13,1.8,43644844
17:12:08.576509714,0.00,3.14,0.1,43644756
17:12:10.173378922,0.00,3.12,0.9,43644560
17:12:11.769972090,0.00,3.11,0.8,43645668
17:12:13.394983271,0.00,3.13,0.2,43645556
17:12:15.000370792,0.00,3.14,1.7,43647884
17:12:16.597809359,0.00,3.13,0.2,43647148
17:12:18.200765663,0.00,3.13,0.7,43645764
17:12:19.804491035,0.00,3.14,1.1,43646680
17:12:21.437031916,0.00,3.11,0.2,43644956
17:12:23.034041656,0.00,3.13,1.7,43646132
17:12:24.623719814,0.00,3.14,0.1,43646276
17:12:26.230402517,0.00,3.10,2.4,43646956
17:12:27.838505702,0.00,3.15,3.3,43646468
17:12:29.486132855,0.00,3.17,1.9,43632364
17:12:31.099829461,0.00,3.16,3.3,43643476
17:12:32.711659069,0.00,3.10,0.3,43647468
17:12:34.325758987,0.00,3.13,0.2,43647328
17:12:35.921687448,0.00,3.13,1.7,43646636
17:12:37.548267478,0.00,3.12,0.2,43647236
17:12:39.136132509,0.00,3.15,1.1,43647372
17:12:40.723221937,0.00,3.13,0.5,43646592
17:12:42.353496062,0.00,3.13,0.2,43645400
17:12:43.952724651,0.00,3.13,2.2,43647332
17:12:45.566417784,0.00,3.13,0.2,43646528
17:12:47.174711158,0.00,3.13,0.9,43646776
17:12:48.788750121,0.00,3.13,1,43647144
17:12:50.428854566,0.00,3.13,0.2,43646572
17:12:52.027335771,0.00,3.14,3.4,43633344
17:12:53.634478277,0.00,3.16,2.1,43639208
17:12:55.277386444,0.00,3.17,2.2,43632480
17:12:56.913793342,0.00,3.17,3.6,43625964
17:12:58.561889956,0.00,3.13,0.2,43646048
17:13:00.164792875,0.00,3.13,1,43645736
17:13:01.768120120,0.00,3.15,0.9,43647992
17:13:03.405344707,0.00,3.13,2.4,43645916
17:13:05.034983190,0.00,3.12,1.7,43652776
17:13:06.647709242,0.00,3.16,0.2,43652636
17:13:08.250522738,0.00,3.15,0.3,43653932
17:13:09.847105332,0.00,3.15,1.2,43654268
17:13:11.452673511,0.00,3.13,0.2,43655224
17:13:13.051006592,0.00,3.12,1.7,43655524
17:13:14.644922308,0.00,3.12,0.2,43655116
17:13:16.251171099,0.00,3.13,0.3,43655164
17:13:17.854242405,0.00,3.11,2.7,43645564
17:13:19.486691041,0.00,3.13,2.3,43642416
17:13:21.130570460,0.00,3.16,3,43646908
17:13:22.749112076,0.00,3.17,2.6,43633068
17:13:24.395439033,0.00,3.14,0.2,43653476
17:13:26.006793621,0.00,3.13,1.9,43655240
17:13:27.610422372,0.00,3.14,0.2,43655252
17:13:29.211859560,0.00,3.14,0.6,43654888
17:13:30.802021794,0.00,3.14,1.1,43655768
17:13:32.429089873,0.00,3.13,0.2,43655012
17:13:34.025179956,0.00,3.14,2.2,43654208
17:13:35.621297791,0.00,3.10,0.2,43655548
17:13:37.226411020,0.00,3.13,0.6,43655740
17:13:38.823221273,0.00,3.12,0.9,43654492
17:13:40.425878583,0.00,3.12,0.1,43655432
17:13:42.019392743,0.00,3.14,1.9,43656692
17:13:43.617487706,0.00,3.11,1.1,43650336
17:13:45.250997700,0.00,3.19,2.5,43650772
17:13:46.874908161,0.00,3.14,3.7,43644908
17:13:48.535947031,0.00,3.16,2.1,43631632
17:13:50.163354572,0.00,3.12,0.9,43653992
17:13:51.763485933,0.00,3.13,0.7,43653532
17:13:53.377816639,0.00,3.13,0.1,43652788
17:13:54.979820416,0.00,3.10,1.7,43653292
17:13:56.595218209,0.00,3.13,0.2,43652132
17:13:58.197643565,0.00,3.13,0.7,43652472
17:13:59.796752215,0.00,3.13,0.9,43654804
17:14:01.428064436,0.00,3.16,0.2,43653220
17:14:03.037257814,0.00,3.14,1.8,43650536
17:14:04.645855811,0.00,3.14,0.2,43653948
17:14:06.262698344,0.00,3.14,0.3,43654420
17:14:07.857563758,0.00,3.12,1.3,43655524
17:14:09.465849385,0.00,3.12,1.5,43642096
17:14:11.085490587,0.00,3.13,3.4,43643632
17:14:12.714653902,0.00,3.16,2.4,43645012
17:14:14.360769262,0.00,3.16,2.1,43637692
17:14:15.978078219,0.00,3.12,1.8,43654724
17:14:17.592650207,0.00,3.14,0.2,43653648
17:14:19.197976017,0.00,3.13,0.8,43654088
17:14:20.786423396,0.00,3.13,1,43652780
17:14:22.419300255,0.00,3.13,0.2,43652788
17:14:24.015178878,0.00,3.13,2.2,43655088
17:14:25.618370543,0.00,3.13,0.2,43655356
17:14:27.236499038,0.00,3.12,0.6,43656400
17:14:28.832834067,0.00,3.13,1.1,43655216
17:14:30.444890587,0.00,3.12,0.2,43656608
17:14:32.044748517,0.00,3.12,1.7,43656244
17:14:33.638264968,0.00,3.11,0.2,43656620
17:14:35.244366601,0.00,3.14,1.3,43651368
17:14:36.855803598,0.00,3.14,3.4,43649128
17:14:38.507041894,0.00,3.17,2.1,43647316
17:14:40.138182231,0.00,3.17,2.9,43633620
17:14:41.759705626,0.00,3.13,0.7,43655436
17:14:43.367900918,0.00,3.13,0.2,43655232
17:14:44.973533139,0.00,3.13,1.9,43656680
17:14:46.578120139,0.00,3.12,0.2,43657216
17:14:48.171499626,0.00,3.12,0.8,43656956
17:14:49.777714313,0.00,3.13,0.8,43656820
17:14:51.382683685,0.00,3.13,0.2,43655896
17:14:52.978110952,0.00,3.11,1.9,43657892
17:14:54.575854794,0.00,3.14,0.2,43657532
17:14:56.174074616,0.00,3.12,0.9,43657340
17:14:57.764190367,0.00,3.12,0.6,43657284
17:14:59.364171540,0.00,3.13,0.1,43656620
17:15:00.962227004,0.00,3.12,2.1,43623296
17:15:02.584861116,0.00,3.15,2.1,43634680
17:15:04.211242064,0.00,3.18,2.3,43625728
17:15:05.896080296,0.00,3.16,3.7,43634536
17:15:07.551690821,0.00,3.14,0.2,43644332
17:15:09.152694422,0.00,3.12,0.9,43646584
17:15:10.755369568,0.00,3.12,0.6,43644728
17:15:12.374281819,0.00,3.13,0.2,43644540
17:15:13.976899945,0.00,3.13,2.3,43644876
17:15:15.581270434,0.00,3.13,0.2,43643720
17:15:17.181937241,0.00,3.14,0.9,43644320
17:15:18.781793572,0.00,3.15,0.9,43644772
17:15:20.402230919,0.00,3.13,0.2,43644404
17:15:22.001595563,0.00,3.12,1.9,43644692
17:15:23.609770832,0.00,3.12,0.2,43644796
17:15:25.212350712,0.00,3.12,0.6,43643040
17:15:26.819213417,0.00,3.14,1.2,43634836
17:15:28.430822254,0.00,3.16,1.9,43624444
17:15:30.052678965,0.00,3.17,3.5,43628416
17:15:31.694134207,0.00,3.18,2.1,43629904
17:15:33.341013188,0.00,3.15,0.2,43645720
17:15:34.946296016,0.00,3.11,1.9,43646472
17:15:36.561427345,0.00,3.12,0.2,43645720
17:15:38.158060380,0.00,3.13,1.1,43648160
17:15:39.752766019,0.00,3.13,0.7,43647784
17:15:41.389899185,0.00,3.15,0.2,43648072
17:15:42.988517652,0.00,3.11,1.9,43649156
17:15:44.594107702,0.00,3.15,0.2,43648200
17:15:46.200803401,0.00,3.16,0.6,43647832
17:15:47.814202983,0.00,3.12,1.2,43648296
17:15:49.424970384,0.00,3.14,0.2,43648248
17:15:51.027794850,0.00,3.14,1.8,43649236
17:15:52.637964454,0.00,3.12,1,43650272
17:15:54.288495490,0.00,3.16,2.1,43644892
17:15:55.919747381,0.00,3.17,3.7,43649464
17:15:57.553814115,0.00,3.17,2,43630000
17:15:59.173577968,0.00,3.10,0.9,43648164
17:16:00.770938391,0.00,3.12,0.7,43648692
17:16:02.381165501,0.00,3.15,0.2,43648168
17:16:03.988270415,0.00,3.16,2.3,43653580
17:16:05.627591233,0.00,3.14,0.2,43657480
17:16:07.246539936,0.00,3.15,0.4,43656548
17:16:08.851184734,0.00,3.15,1.4,43657228
17:16:10.491987315,0.00,3.13,0.2,43656180
17:16:12.090947553,0.00,3.10,1.6,43655996
17:16:13.678654893,0.00,3.13,0.2,43654840
17:16:15.301825050,0.00,3.15,0.2,43655260
17:16:16.897711519,0.00,3.15,1.6,43658100
17:16:18.504937959,0.00,3.15,1.1,43656556
17:16:20.111001993,0.00,3.14,3.2,43656360
17:16:21.736803291,0.00,3.18,2.5,43655852
17:16:23.378422199,0.00,3.15,2,43640820
17:16:25.008728879,0.00,3.12,1.9,43658040
17:16:26.632146177,0.00,3.15,0.2,43658192
17:16:28.230566697,0.00,3.14,0.6,43657636
17:16:29.821465582,0.00,3.12,0.9,43660592
17:16:31.416708354,0.00,3.13,0.2,43658148
17:16:33.020071292,0.00,3.14,1.9,43659656
17:16:34.617526758,0.00,3.14,0.2,43658352
17:16:36.219589185,0.00,3.13,0.6,43658860
17:16:37.823521176,0.00,3.14,1.2,43659824
17:16:39.448311451,0.00,3.13,0.2,43658984
17:16:41.040472568,0.00,3.13,1.8,43661460
17:16:42.635353700,0.00,3.13,0.2,43661292
17:16:44.235078618,0.00,3.14,0.6,43651684
