Accuracy,stdAccuracy,Mse,stdMse,Mae,stdMae,FitTime,stdFitTime,ScoreTime,stdScoreTime,bootstrap,criterion,max_features,min_samples_split,n_estimators,oob_score,warm_start
0.9982966395631176,0.00039804610256521315,66.77854256753096,15.60499940496636,3.3347479928059474,0.17984579521551233,30.021668457984923,1.3467051309136744,0.25709450244903564,0.03804381882417649,True,mse,,2,25,False,True
0.9982966395631176,0.00039804610256521315,66.77854256753096,15.60499940496636,3.3347479928059474,0.17984579521551233,32.11677014827728,1.9590129663470408,0.2435227632522583,0.05836912815233646,True,mse,,2,25,False,False
0.9982966395631176,0.00039804610256521315,66.77854256753096,15.60499940496636,3.3347479928059474,0.17984579521551233,34.74466958045959,1.3251208671792258,0.31309237480163576,0.11914699965090793,True,mse,,2,25,True,False
0.9982856088571885,0.00033155548191139656,67.21099036278278,12.998301112853975,3.859105486642603,0.1456761830184623,4.133165240287781,0.44860376349104975,0.322723913192749,0.09767420005189514,True,mse,sqrt,2,25,False,False
0.9982856088571885,0.00033155548191139656,67.21099036278278,12.998301112853975,3.859105486642603,0.1456761830184623,4.5440973281860355,0.43439786742270287,0.32434380054473877,0.058612454586652804,True,mse,sqrt,2,25,False,True
0.9982856088571885,0.00033155548191139656,67.21099036278278,12.998301112853975,3.859105486642603,0.1456761830184623,4.906425285339355,0.4739455994362544,0.25858302116394044,0.032202464518110464,True,mse,sqrt,2,25,True,True
0.9982612336322529,0.0004072406864789435,68.16659668115496,15.96546387272019,3.4127405387457146,0.17094747106669916,29.882039880752565,0.8109995961744219,0.24658217430114746,0.046821317898405844,True,mse,,5,25,True,False
0.9982596709661494,0.00040984720857255714,68.22785944307556,16.06764996487869,3.372561626316239,0.1948046185480883,24.485555958747863,0.8259541120600495,0.23612844944000244,0.07137784233189519,True,mse,,2,20,False,True
0.9982498914574002,0.0003279162477772466,68.61125530408812,12.855628577858951,3.908204858107766,0.1364052529234977,3.236395835876465,0.47296818639031774,0.21811416149139404,0.050872439067023795,True,mse,sqrt,2,20,False,True
0.9982498914574002,0.0003279162477772466,68.61125530408812,12.855628577858951,3.908204858107766,0.1364052529234977,3.739564895629883,0.19695631596022514,0.23293654918670653,0.04395244683888546,True,mse,sqrt,2,20,True,False
0.9982498914574002,0.0003279162477772466,68.61125530408812,12.855628577858951,3.908204858107766,0.1364052529234977,4.78435001373291,0.6750671158097971,0.2874220609664917,0.09343343015787894,True,mse,sqrt,2,20,True,True
0.9982464842099725,0.0004079040963802429,68.74483303224135,15.991472194490111,3.3960606584321607,0.19572796886390684,22.657159829139708,0.9225232047455707,0.20623652935028075,0.05086708986429779,True,mse,,2,18,True,True
0.9982464842099725,0.0004079040963802429,68.74483303224135,15.991472194490111,3.3960606584321607,0.19572796886390684,23.80279314517975,1.00030983007651,0.1988987684249878,0.04106353788539843,True,mse,,2,18,False,True
0.9982387260905945,0.0004159632126905492,69.04898234433018,16.307421790319967,3.4536244512945595,0.17590000328669567,22.685626435279847,0.7155430816729208,0.2064507484436035,0.05134679210615148,True,mse,,5,20,False,True
0.9982387260905945,0.0004159632126905492,69.04898234433018,16.307421790319967,3.4536244512945595,0.17590000328669567,22.798082947731018,0.42352028862396973,0.18892526626586914,0.04123098323321042,True,mse,,5,20,False,False
0.9982387260905945,0.0004159632126905492,69.04898234433018,16.307421790319967,3.4536244512945595,0.17590000328669567,24.068567514419556,0.955750065707089,0.2065202236175537,0.06026121377389234,True,mse,,5,20,True,False
0.9982352959157337,0.0004107172218770304,69.18345891957975,16.101757966466728,3.468950886522894,0.17936959230799973,21.868859791755675,1.177356879486076,0.1690004825592041,0.06249071349707495,True,mse,,5,18,True,True
0.9982352959157337,0.0004107172218770304,69.18345891957975,16.101757966466728,3.468950886522894,0.17936959230799973,23.38561933040619,1.5692897339715322,0.19321837425231933,0.06588226847714161,True,mse,,5,18,False,True
0.9982340975719876,0.00033372887526285697,69.23043878780311,13.083506825805213,3.9315842852391394,0.12948380401826146,3.6655169248580934,0.267074414810107,0.285136342048645,0.055667750909679146,True,mse,sqrt,2,18,False,False
0.9982340975719876,0.00033372887526285697,69.23043878780311,13.083506825805213,3.9315842852391394,0.12948380401826146,3.992068958282471,0.16889096271220622,0.26687002182006836,0.03333436679539706,True,mse,sqrt,2,18,True,True
0.9982340975719876,0.00033372887526285697,69.23043878780311,13.083506825805213,3.9315842852391394,0.12948380401826146,4.052171611785889,0.54822990182694,0.24162068367004394,0.04155927532918201,True,mse,sqrt,2,18,True,False
0.9982296974612539,0.00041780021255835554,69.40294072900073,16.379439533138477,3.4244702785818633,0.20109748284345327,18.472426295280457,0.8052611193972165,0.17036831378936768,0.07488447853920271,True,mse,,2,15,False,False
0.9982296974612539,0.00041780021255835554,69.40294072900073,16.379439533138477,3.4244702785818633,0.20109748284345327,19.43285460472107,1.0449361579052303,0.15527586936950682,0.043595718039761054,True,mse,,2,15,True,True
0.9982184240433644,0.00041713118719270014,69.84490380394134,16.35321106270044,3.494202692935277,0.18603404236842683,17.73903751373291,0.47892103466809327,0.16987168788909912,0.03485002052684635,True,mse,,5,15,False,True
0.9982184240433644,0.00041713118719270014,69.84490380394134,16.35321106270044,3.494202692935277,0.18603404236842683,19.310503339767457,0.6214673281467079,0.18561336994171143,0.052815816684867824,True,mse,,5,15,True,False
0.9982184240433644,0.00041713118719270014,69.84490380394134,16.35321106270044,3.494202692935277,0.18603404236842683,19.635627150535583,1.7875652301344656,0.17097225189208984,0.06019371138269634,True,mse,,5,15,True,True
0.9982149488730759,0.000422312420401202,69.98114437992888,16.556336129407978,3.4531792532166277,0.20498866435911545,14.748967361450195,0.6357119437017605,0.14419469833374024,0.039095022280531085,True,mse,,2,12,True,False
0.9982149488730759,0.000422312420401202,69.98114437992888,16.556336129407978,3.4531792532166277,0.20498866435911545,15.614949131011963,1.2968980175623481,0.16134445667266845,0.04540360265348357,True,mse,,2,12,True,True
0.9982143693346134,0.00041158469268509396,70.00386460581919,16.135766292026865,3.531043649878846,0.17867550489592468,14.565224933624268,1.1497373548295844,0.177919602394104,0.06356473718009373,True,mse,,5,12,False,True
0.9982143693346134,0.00041158469268509396,70.00386460581919,16.135766292026865,3.531043649878846,0.17867550489592468,14.955856680870056,0.7415437942313241,0.1596360683441162,0.037832692225450174,True,mse,,5,12,False,False
0.9982143693346134,0.00041158469268509396,70.00386460581919,16.135766292026865,3.531043649878846,0.17867550489592468,15.755670046806335,0.7910842216394821,0.18188149929046632,0.06189627206601328,True,mse,,5,12,True,True
0.99821002715866,0.0003287746676823169,70.174095271895,12.889282071816679,3.9854037006536256,0.1194902422895557,2.2321521043777466,0.057689917116103544,0.18167407512664796,0.05417247844131104,True,mse,sqrt,2,15,False,False
0.99821002715866,0.0003287746676823169,70.174095271895,12.889282071816679,3.9854037006536256,0.1194902422895557,2.8771526336669924,0.4224557154203321,0.20254249572753907,0.06567252297862924,True,mse,sqrt,2,15,True,False
0.99821002715866,0.0003287746676823169,70.174095271895,12.889282071816679,3.9854037006536256,0.1194902422895557,3.006907105445862,0.26839469705275076,0.24628562927246095,0.09136844012166441,True,mse,sqrt,2,15,False,True
0.99821002715866,0.0003287746676823169,70.174095271895,12.889282071816679,3.9854037006536256,0.1194902422895557,3.248410964012146,0.4280461424774374,0.24444999694824218,0.09463060269961783,True,mse,sqrt,2,15,True,True
0.9982093381090692,0.00038851617872334026,70.20110877205354,15.231388270669036,3.6445245958741364,0.17754608205958322,28.932257747650148,1.4726573423246259,0.20430023670196534,0.07153502662460859,True,mse,,10,25,True,False
0.9982093381090692,0.00038851617872334026,70.20110877205354,15.231388270669036,3.6445245958741364,0.17754608205958322,32.215241408348085,3.2209349321572835,0.26203145980834963,0.07287607227955935,True,mse,,10,25,False,False
0.9982047462247805,0.0004245967121963734,70.38112900370379,16.64588950494651,3.5522248103304843,0.17468606216337065,12.642747616767883,0.33669107851985347,0.15456740856170653,0.026649683370122842,True,mse,,5,10,False,False
0.9982047462247805,0.0004245967121963734,70.38112900370379,16.64588950494651,3.5522248103304843,0.17468606216337065,13.135241603851318,1.1344187962063024,0.14523782730102539,0.044935156437263805,True,mse,,5,10,True,False
0.9982004374815834,0.0004040518680849085,70.55004897200365,15.840449436401542,3.5458137445391436,0.18069692895223,29.99293658733368,0.9814879910501176,0.20019724369049072,0.03877520866880294,True,mse,,8,25,True,True
0.9981970783764744,0.000388960621722526,70.68173932869662,15.248812214010472,3.689377182859368,0.17323932479296564,19.7227952003479,0.44158345927157794,0.19277846813201904,0.044624566147864954,True,mse,,10,18,False,True
0.9981970783764744,0.000388960621722526,70.68173932869662,15.248812214010472,3.689377182859368,0.17323932479296564,22.19710259437561,0.7280329112651716,0.19300804138183594,0.06393404513208534,True,mse,,10,18,True,False
0.9981970783764744,0.000388960621722526,70.68173932869662,15.248812214010472,3.689377182859368,0.17323932479296564,25.576172351837158,0.9029486745995643,0.1755368232727051,0.044398864966984156,True,mse,,10,18,True,True
0.9981965529202808,0.0003800300209316027,70.70233931331613,14.89869694060243,3.6748815424248673,0.1624542769443756,22.112364506721498,0.7589305895740313,0.20841708183288574,0.06252461749436648,True,mse,,10,20,False,False
0.9981965529202808,0.0003800300209316027,70.70233931331613,14.89869694060243,3.6748815424248673,0.1624542769443756,23.20788700580597,0.8634461201516379,0.19132745265960693,0.03795800918239511,True,mse,,10,20,False,True
0.9981943327026483,0.00042076474104021027,70.78938072537053,16.49566090774106,3.4881259377352705,0.20510441654933276,13.383622646331787,0.9338124777539456,0.16686015129089354,0.034861113060298966,True,mse,,2,10,True,True
0.998185713374836,0.00040541928042231315,71.12729285292758,15.894057469676406,3.5768284918972775,0.16915128510433147,23.56853566169739,0.9161487481831598,0.18472115993499755,0.06392665060809583,True,mse,,8,20,True,False
0.9981626773466241,0.0003282768928825579,72.03039730294581,12.86976730856761,4.049175906134949,0.12880606029543115,2.471311855316162,0.20633561020313598,0.16041285991668702,0.03195911082076882,True,mse,sqrt,2,12,True,True
0.9981626773466241,0.0003282768928825579,72.03039730294581,12.86976730856761,4.049175906134949,0.12880606029543115,2.5127792835235594,0.1546589818706747,0.16496987342834474,0.030600520396527216,True,mse,sqrt,2,12,True,False
0.998154259900509,0.0004029171483571507,72.36039486044248,15.79596388419433,3.638686614575533,0.1701062605338378,17.303903007507323,0.6821905146625861,0.15711112022399903,0.03769500847397833,True,mse,,8,15,True,True
0.998154259900509,0.0004029171483571507,72.36039486044248,15.79596388419433,3.638686614575533,0.1701062605338378,18.014993524551393,0.5466877879534742,0.1854313373565674,0.04394315118801971,True,mse,,8,15,True,False
0.9981498292618552,0.00039144653226839266,72.53409361822283,15.346269851050362,3.761967110539032,0.16104874471617003,15.04221305847168,1.33154756240449,0.17556231021881102,0.04717541319626563,True,mse,,10,12,True,True
0.9981498292618552,0.00039144653226839266,72.53409361822283,15.346269851050362,3.761967110539032,0.16104874471617003,15.336535906791687,1.2630268169925416,0.15867893695831298,0.03597561362212831,True,mse,,10,12,True,False
0.9981498292618552,0.00039144653226839266,72.53409361822283,15.346269851050362,3.761967110539032,0.16104874471617003,15.342400598526002,0.6345510367113715,0.16812376976013182,0.07657196200533656,True,mse,,10,12,False,True
0.9981485575255281,0.0003960285315695387,72.58395076919582,15.525902551652054,3.79104101293928,0.15714196347992257,11.44718270301819,0.42831924699524543,0.12003540992736816,0.023231006498363956,True,mse,,10,10,True,False
0.9981485575255281,0.0003960285315695387,72.58395076919582,15.525902551652054,3.79104101293928,0.15714196347992257,12.06047763824463,0.29525274365523657,0.1660468816757202,0.0504877811452301,True,mse,,10,10,False,True
0.998136539899287,0.000438679868798159,73.05508978835617,17.19800557636378,3.6274065742697514,0.19804393540242882,9.426230144500732,0.6126238605720717,0.17692034244537352,0.05239520956556063,True,mse,,5,8,False,True
0.998136539899287,0.000438679868798159,73.05508978835617,17.19800557636378,3.6274065742697514,0.19804393540242882,9.44544277191162,0.18207560627716654,0.1289931058883667,0.037855007590462286,True,mse,,5,8,True,True
0.9981361058961453,0.00039963306033006347,73.07210444751092,15.667214497179705,4.201071119511707,0.1663019006161684,242.6914708137512,10.008155675699792,0.23566577434539795,0.049930048007363136,True,mae,sqrt,2,25,False,False
0.9981343444375107,0.0003694095495903402,73.14116067183116,14.482331982139796,4.304833771244767,0.184083938073659,3.062981605529785,0.12924212462659596,0.2102841854095459,0.07088856946460893,True,mse,sqrt,5,25,False,False
0.9981343444375107,0.0003694095495903402,73.14116067183116,14.482331982139796,4.304833771244767,0.184083938073659,4.1116111993789675,0.30902138763841797,0.21618478298187255,0.03699078997790227,True,mse,sqrt,5,25,True,True
0.9981343444375107,0.0003694095495903402,73.14116067183116,14.482331982139796,4.304833771244767,0.184083938073659,4.336076164245606,0.29240224106406093,0.259514594078064,0.0520444816433931,True,mse,sqrt,5,25,True,False
0.9981338082272373,0.0004206448005075568,73.16218225938749,16.49095875909771,3.557527387279549,0.21846557548314968,11.257844710350037,0.38706919805172196,0.13912577629089357,0.044634481228032735,True,mse,,2,8,True,True
0.9981335851944486,0.0003385320726015625,73.17092603683467,13.271811374271316,4.243023694964201,0.1587324878120976,2.5364689350128176,0.187403910885622,0.26744215488433837,0.05898333365346518,True,mse,log2,2,25,False,True
0.9981319384338314,0.00040571938148316404,73.23548564007194,15.905822631665801,3.6907127781034603,0.16932419298730692,14.566013312339782,0.7712020642492563,0.20377600193023682,0.06908480508893662,True,mse,,8,12,False,False
0.998125185473656,0.00046021857464315487,73.50022869078802,18.042409000310943,3.3969874725762836,0.1494410587376841,6198.468117547035,52.21923849767655,0.21315500736236573,0.04563418080224657,True,mae,,5,20,True,True
0.9981080571546835,0.00041674523797689426,74.17172730778559,16.338080309644802,3.731131529299097,0.17454081915806777,11.020051741600037,0.36209983204552004,0.14549834728240968,0.047429651433856114,True,mse,,8,10,True,True
0.9981080571546835,0.00041674523797689426,74.17172730778559,16.338080309644802,3.731131529299097,0.17454081915806777,12.23804738521576,0.6207004617530167,0.15354588031768798,0.03477071307903487,True,mse,,8,10,True,False
0.998105571329807,0.0003902641993145587,74.26918158624713,15.299917669928458,4.259494186578203,0.1676787816986663,193.44439594745637,6.9622003618048325,0.24363133907318116,0.04956462646787635,True,mae,sqrt,2,20,False,False
0.998105571329807,0.0003902641993145587,74.26918158624713,15.299917669928458,4.259494186578203,0.1676787816986663,194.42376096248626,6.285130514082319,0.24987168312072755,0.07174070924818289,True,mae,sqrt,2,20,True,False
0.998105571329807,0.0003902641993145587,74.26918158624713,15.299917669928458,4.259494186578203,0.1676787816986663,195.58646166324615,6.529090646457483,0.21196162700653076,0.07441564376390145,True,mae,sqrt,2,20,True,True
0.9981026609633746,0.0003414717991933346,74.38327959186317,13.387060415575009,4.137858302599046,0.13318425793687563,2.0272747755050657,0.06453413184445143,0.17645390033721925,0.056176854847976694,True,mse,sqrt,2,10,True,False
0.9981026609633746,0.0003414717991933346,74.38327959186317,13.387060415575009,4.137858302599046,0.13318425793687563,2.1683998107910156,0.3784958765075436,0.18000869750976561,0.054637467220064365,True,mse,sqrt,2,10,False,True
0.9981026609633746,0.0003414717991933346,74.38327959186317,13.387060415575009,4.137858302599046,0.13318425793687563,2.238283967971802,0.1139974967598799,0.15393757820129395,0.0474125375688579,True,mse,sqrt,2,10,True,True
0.9981004289352926,0.0003705817420031146,74.47078402078267,14.528286613489527,4.354701270353034,0.18942223679803938,3.0452125310897826,0.23891790902193133,0.20338590145111085,0.054204606875367954,True,mse,sqrt,5,20,False,False
0.9981004289352926,0.0003705817420031146,74.47078402078267,14.528286613489527,4.354701270353034,0.18942223679803938,3.6007536888122558,0.24632772727428692,0.23609941005706786,0.06594610061587944,True,mse,sqrt,5,20,True,True
0.9980946083651542,0.00048278144254708724,74.69897365249578,18.926963673614942,3.422849303890176,0.16466412665370161,5348.007198619843,64.43487717645279,0.1357875347137451,0.036727433946251324,True,mae,,5,18,False,True
0.9980946083651542,0.00048278144254708724,74.69897365249578,18.926963673614942,3.422849303890176,0.16466412665370161,5553.474284672737,51.20162239672493,0.23070743083953857,0.04082950324390635,True,mae,,5,18,True,True
0.9980946083651542,0.00048278144254708724,74.69897365249578,18.926963673614942,3.422849303890176,0.16466412665370161,5563.218363904953,52.660703806480434,0.20227494239807128,0.06342375649214436,True,mae,,5,18,True,False
0.9980921699348899,0.0003459170379894575,74.79456987257586,13.561331557338509,4.306903890541921,0.16132064852489655,2.207103133201599,0.12824966468527943,0.2022998809814453,0.046648755170346064,True,mse,log2,2,20,False,False
0.998089315616093,0.000397169142009332,74.90647058668962,15.570619043334641,3.8721715853834646,0.18274612415417485,9.429725050926208,0.5045054708049495,0.15982749462127685,0.040696033339677036,True,mse,,10,8,True,False
0.9980788445703218,0.00037314639396274056,75.31697746510854,14.628831228916317,4.383344971414918,0.18518520856779697,3.2588746309280396,0.2933838749111244,0.2187345027923584,0.029501937440887072,True,mse,sqrt,5,18,True,True
0.9980776980760228,0.0004055594679210795,75.36192462760508,15.899553380378276,4.288271923820947,0.17333503740494105,173.54456112384796,5.9313462914159505,0.2828386306762695,0.06724944011199592,True,mae,sqrt,2,18,True,True
0.9980776980760228,0.0004055594679210795,75.36192462760508,15.899553380378276,4.288271923820947,0.17333503740494105,174.76433537006378,5.268034832087317,0.22202794551849364,0.053288062503084044,True,mae,sqrt,2,18,False,False
0.9980776980760228,0.0004055594679210795,75.36192462760508,15.899553380378276,4.288271923820947,0.17333503740494105,175.78695006370543,6.496674132949291,0.20520901679992676,0.06926397798005172,True,mae,sqrt,2,18,True,False
0.9980760317504712,0.0004838891841006522,75.42725125452588,18.970391573482544,3.468605601428278,0.15665452863566512,4626.761664700508,41.46253652531878,0.20078158378601074,0.030053265888207916,True,mae,,5,15,True,True
0.9980760317504712,0.0004838891841006522,75.42725125452588,18.970391573482544,3.468605601428278,0.15665452863566512,4638.292704176903,38.03186778043393,0.1874905824661255,0.052275933046577,True,mae,,5,15,False,True
0.9980760317504712,0.0004838891841006522,75.42725125452588,18.970391573482544,3.468605601428278,0.15665452863566512,4641.071025633812,33.65808749242931,0.19389255046844484,0.036839843349147264,True,mae,,5,15,True,False
0.9980603607167388,0.0003414058462472055,76.04161846097492,13.384474796275017,4.351416222871331,0.15461854365034927,2.06189501285553,0.22508294628821965,0.21552388668060302,0.03157168466026871,True,mse,log2,2,18,False,True
0.9980603607167388,0.0003414058462472055,76.04161846097492,13.384474796275017,4.351416222871331,0.15461854365034927,3.4964844226837157,0.5579834713951807,0.24670774936676027,0.09066753213272793,True,mse,log2,2,18,True,False
0.9980597686303662,0.00037672374551440843,76.06483061512863,14.769077719147482,4.43686065539404,0.1925697223106668,2.4305660247802736,0.21723091252499147,0.18453259468078614,0.030832997659657482,True,mse,sqrt,5,15,False,True
0.9980597686303662,0.00037672374551440843,76.06483061512863,14.769077719147482,4.43686065539404,0.1925697223106668,2.9950424909591673,0.40319668501754763,0.22282085418701172,0.05921403835200739,True,mse,sqrt,5,15,True,True
0.9980597686303662,0.00037672374551440843,76.06483061512863,14.769077719147482,4.43686065539404,0.1925697223106668,3.5007808446884154,0.36841024374851883,0.2211442470550537,0.07416374243681002,True,mse,sqrt,5,15,True,False
0.9980562569789201,0.0005394256357949156,76.20250139842089,21.147642625704542,3.3680026766270283,0.16915799260357545,6180.914500451088,42.99238560030234,0.2533691883087158,0.04295302440242388,True,mae,,2,20,False,False
0.9980562569789201,0.0005394256357949156,76.20250139842089,21.147642625704542,3.3680026766270283,0.16915799260357545,6194.50190589428,48.62343722663075,0.21840033531188965,0.04531583413652136,True,mae,,2,20,True,False
0.9980559212991054,0.00042123448363426614,76.21566138987887,16.51407669639642,3.7998240700304056,0.2079416749849267,10.370058536529541,0.5921594093888644,0.13536484241485597,0.03292725327553584,True,mse,,8,8,False,False
0.9980559212991054,0.00042123448363426614,76.21566138987887,16.51407669639642,3.7998240700304056,0.2079416749849267,11.512155175209045,0.4137451233662849,0.17811992168426513,0.06226564605954295,True,mse,,8,8,True,True
0.9980478427941972,0.0005311464184254114,76.53237109628728,20.823064187949775,3.4957992731157814,0.19353524497066799,7321.489488720894,203.80599785956855,0.10688204765319824,0.03798898971741476,True,mae,,8,25,True,False
0.9980478427941972,0.0005311464184254114,76.53237109628728,20.823064187949775,3.4957992731157814,0.19353524497066799,7738.733870768547,48.86184235319883,0.2213512420654297,0.045791728476202796,True,mae,,8,25,False,False
0.9980358237698702,0.0005541926963596551,77.00356492601382,21.72657046808272,3.3947233686917104,0.1746871179520025,5557.499852585793,40.09367630008873,0.21120140552520753,0.059458421415038445,True,mae,,2,18,True,False
0.9980358237698702,0.0005541926963596551,77.00356492601382,21.72657046808272,3.3947233686917104,0.1746871179520025,5564.749983358383,49.43680239255835,0.2264467716217041,0.05797632672072498,True,mae,,2,18,False,True
0.9980358237698702,0.0005541926963596551,77.00356492601382,21.72657046808272,3.3947233686917104,0.1746871179520025,5568.507768726349,44.45660845564493,0.3057469367980957,0.05210744158505005,True,mae,,2,18,False,False
0.9980347576315559,0.000545960450658296,77.045361812477,21.40383350760769,3.5227807246686615,0.18995142720310026,6176.3480587005615,45.904263268195386,0.205643630027771,0.048783330212279895,True,mae,,8,20,False,True
0.9980290087704132,0.0003427514716922804,77.27074016472032,13.437228696224835,4.210625426204846,0.15281331107292404,1.634291172027588,0.16593989051856078,0.13625679016113282,0.021904835663034573,True,mse,sqrt,2,8,False,False
0.9980290087704132,0.0003427514716922804,77.27074016472032,13.437228696224835,4.210625426204846,0.15281331107292404,1.7807497024536132,0.16261778367779964,0.1532386302947998,0.04359640225925301,True,mse,sqrt,2,8,False,True
0.9980290087704132,0.0003427514716922804,77.27074016472032,13.437228696224835,4.210625426204846,0.15281331107292404,1.967471218109131,0.12648768028182092,0.13727011680603027,0.034193099683982243,True,mse,sqrt,2,8,True,True
0.9980280053159111,0.00045368694386081635,77.31007959502305,17.786342947118605,4.34958197368696,0.17338388680786018,142.44364621639252,6.739146682165944,0.1694876432418823,0.025686509507856423,True,mae,sqrt,2,15,False,False
0.9980280053159111,0.00045368694386081635,77.31007959502305,17.786342947118605,4.34958197368696,0.17338388680786018,145.22422478199005,5.28136424805813,0.1819387674331665,0.06369565044066897,True,mae,sqrt,2,15,True,False
0.9980257143102492,0.00043477551344595154,77.39989618098552,17.044939229134528,4.474983019136932,0.20006437615839903,193.42149264812468,6.998292941476215,0.24622671604156493,0.10127632459293849,True,mae,sqrt,5,20,False,False
0.9980257143102492,0.00043477551344595154,77.39989618098552,17.044939229134528,4.474983019136932,0.20006437615839903,193.4620973587036,7.085905707745229,0.18890612125396727,0.03244422771443952,True,mae,sqrt,5,20,True,False
0.9980257143102492,0.00043477551344595154,77.39989618098552,17.044939229134528,4.474983019136932,0.20006437615839903,194.73120212554932,6.703173798635885,0.21076564788818358,0.04069742275765334,True,mae,sqrt,5,20,False,True
0.9980209470910273,0.0004602129646870013,77.58679024336861,18.042189067588783,3.572722271326098,0.15314249580002304,7723.973803186416,69.10775704109608,0.22536172866821289,0.06047145934572403,True,mae,,10,25,False,True
0.9980209470910273,0.0004602129646870013,77.58679024336861,18.042189067588783,3.572722271326098,0.15314249580002304,7728.581625890732,59.26969644760836,0.20009782314300537,0.05388252235259998,True,mae,,10,25,True,True
0.9980209470910273,0.0004602129646870013,77.58679024336861,18.042189067588783,3.572722271326098,0.15314249580002304,7741.092715501785,76.01194319469505,0.24147634506225585,0.047840764477815094,True,mae,,10,25,False,False
0.9980209470910273,0.0004602129646870013,77.58679024336861,18.042189067588783,3.572722271326098,0.15314249580002304,7749.2915647983555,60.86655660114564,0.22479455471038817,0.040758987047440555,True,mae,,10,25,True,False
0.9980163776332619,0.0005426413662986643,77.76593126560182,21.273712124372494,3.4404356991420793,0.18147998928067913,4629.102634453773,40.76490734441083,0.16207427978515626,0.0263786081002728,True,mae,,2,15,True,True
0.9980163776332619,0.0005426413662986643,77.76593126560182,21.273712124372494,3.4404356991420793,0.18147998928067913,4643.633220171929,40.144564303573965,0.22066216468811034,0.052460075477911136,True,mae,,2,15,False,True
0.9980123321574764,0.0004486560033947559,77.92453009829127,17.589109957088798,3.614497812955332,0.1571062027267102,6179.53588643074,57.32304376666247,0.20435795783996583,0.0736598308314708,True,mae,,10,20,True,True
0.9980123321574764,0.0004486560033947559,77.92453009829127,17.589109957088798,3.614497812955332,0.1571062027267102,6184.289157032967,65.85751689770481,0.19210429191589357,0.05651753089642171,True,mae,,10,20,False,False
0.9980123321574764,0.0004486560033947559,77.92453009829127,17.589109957088798,3.614497812955332,0.1571062027267102,6188.532906246185,60.16009293173607,0.2468493938446045,0.041313359228871256,True,mae,,10,20,False,True
0.9980086053954303,0.0003486202139840155,78.0706340775514,13.667306869029032,4.440797137998064,0.15575018435364757,2.1512951135635374,0.08747299712667123,0.1711515426635742,0.049190110766501656,True,mse,log2,2,15,True,True
0.998002685981669,0.00038646743750415377,78.30269877464835,15.151069419912725,4.535747181441691,0.1921965802476843,1.8218719720840455,0.20149089200611023,0.153755784034729,0.033944062881606375,True,mse,sqrt,5,12,False,True
0.998002685981669,0.00038646743750415377,78.30269877464835,15.151069419912725,4.535747181441691,0.1921965802476843,1.9853030920028687,0.20435236899457618,0.17181921005249023,0.04590555866850917,True,mse,sqrt,5,12,False,False
0.9979953414790005,0.0005016875302970671,78.59063265726112,19.668157937765834,3.5388557681576467,0.1648740258574477,3706.297677707672,26.370577255596245,0.1543043375015259,0.054127065894479985,True,mae,,5,12,True,False
0.9979953414790005,0.0005016875302970671,78.59063265726112,19.668157937765834,3.5388557681576467,0.1648740258574477,3707.0821220397947,42.3519221412298,0.14375457763671876,0.0268468919880518,True,mae,,5,12,True,True
0.9979953414790005,0.0005016875302970671,78.59063265726112,19.668157937765834,3.5388557681576467,0.1648740258574477,3710.2194999933245,43.01954735332922,0.15264005661010743,0.018897590855799947,True,mae,,5,12,False,True
0.9979843895495254,0.0003936402919080518,79.01999210040726,15.43227400396377,4.704004452860846,0.1749395963765403,2.8945677280426025,0.16434003498180552,0.2161834716796875,0.07705301448911057,True,mse,sqrt,8,18,True,False
0.9979732185953091,0.0004415606443516004,79.45793818950315,17.31094350116065,4.43306776856126,0.1616752067401831,116.37578492164612,5.223243872181707,0.16902990341186525,0.04691324768767672,True,mae,sqrt,2,12,False,False
0.9979732185953091,0.0004415606443516004,79.45793818950315,17.31094350116065,4.43306776856126,0.1616752067401831,117.01580724716186,5.064592796450886,0.20281391143798827,0.06706431632658466,True,mae,sqrt,2,12,True,False
0.9979709477477676,0.0005593212548848373,79.54696449651208,21.92763047650557,3.5853647148758014,0.18969258712576328,3214.52866294384,61.588232602047796,0.07494928836822509,0.03039210333439162,True,mae,,8,15,False,True
0.9979709477477676,0.0005593212548848373,79.54696449651208,21.92763047650557,3.5853647148758014,0.18969258712576328,4633.773463273048,29.93572420713923,0.2745127439498901,0.0430573901557931,True,mae,,8,15,True,False
0.997968554426296,0.0004794456243989954,79.64079227149216,18.796186258937105,3.642973268706619,0.16778709208233752,5558.042769551277,53.29592063451713,0.19559431076049805,0.05509770280097301,True,mae,,10,18,True,True
0.997968554426296,0.0004794456243989954,79.64079227149216,18.796186258937105,3.642973268706619,0.16778709208233752,5570.517784500122,55.317651698344484,0.18081350326538087,0.031056082893278887,True,mae,,10,18,True,False
0.9979636526754629,0.00036941759878774907,79.83296051115111,14.482647542875851,4.817187903603026,0.15242344052128043,3.50167772769928,0.11845165812432373,0.2079852342605591,0.04946403157660383,True,mse,sqrt,10,25,True,True
0.9979636526754629,0.00036941759878774907,79.83296051115111,14.482647542875851,4.817187903603026,0.15242344052128043,4.386143541336059,0.1800242828380723,0.23528034687042237,0.047609747581646836,True,mse,sqrt,10,25,True,False
0.9979616509911063,0.0004719648688630896,79.91143454466483,18.502910718908264,4.562866613257508,0.2028004539783561,144.6018349647522,8.287404567131736,0.20082383155822753,0.07724544681469053,True,mae,sqrt,5,15,True,False
0.9979616509911063,0.0004719648688630896,79.91143454466483,18.502910718908264,4.562866613257508,0.2028004539783561,146.33797492980958,7.294444103662432,0.17557246685028077,0.03146810332026349,True,mae,sqrt,5,15,True,True
0.9979599610605199,0.0004616999434366555,79.97768658337785,18.10048458249147,3.676018412930571,0.15493416581647132,4640.445565700531,44.49657386031412,0.1988910436630249,0.04425886253482245,True,mae,,10,15,True,True
0.997948720031226,0.0003927253322395101,80.41837989581344,15.39640392511703,4.750279457477599,0.17043223363058566,2.415939688682556,0.10881836682536397,0.16251921653747559,0.03730300756116447,True,mse,sqrt,8,15,True,True
0.997948720031226,0.0003927253322395101,80.41837989581344,15.39640392511703,4.750279457477599,0.17043223363058566,2.6643248558044434,0.12656201565480651,0.2085986852645874,0.038587564764118905,True,mse,sqrt,8,15,True,False
0.997947470443827,0.00041245035025189636,80.46736872019771,16.169703531275093,4.641756915566102,0.21291474724630616,241.83506786823273,11.2904434662059,0.2335331678390503,0.06246639582999959,True,mae,sqrt,8,25,False,True
0.997947470443827,0.00041245035025189636,80.46736872019771,16.169703531275093,4.641756915566102,0.21291474724630616,243.56014795303344,9.315680659370967,0.24921393394470215,0.06827091538235687,True,mae,sqrt,8,25,True,False
0.9979462406711141,0.0003983740791440584,80.51558072964403,15.617857398763745,4.6106973539507035,0.19782655877434432,1.7900943517684937,0.054350522620431725,0.12446413040161133,0.020602242908487386,True,mse,sqrt,5,10,True,False
0.9979462406711141,0.0003983740791440584,80.51558072964403,15.617857398763745,4.6106973539507035,0.19782655877434432,1.922458553314209,0.22694096873792266,0.19017109870910645,0.053150404078480644,True,mse,sqrt,5,10,False,False
0.9979436797226389,0.0005563164415240799,80.61598015366252,21.809829773509332,3.5859683993924665,0.17288832096988166,3098.4264602422713,26.77576277963918,0.20088346004486085,0.04372627708951081,True,mae,,5,10,False,True
0.9979436797226389,0.0005563164415240799,80.61598015366252,21.809829773509332,3.5859683993924665,0.17288832096988166,3099.9679283857345,37.335317947401876,0.15466454029083251,0.03188178248449514,True,mae,,5,10,True,False
0.9979435860560316,0.0003356819334429444,80.61965225932997,13.160074518697131,4.821752629942986,0.15611354111972256,3.6296685218811033,0.16626457854413595,0.2999164342880249,0.059727610052335886,True,mse,log2,5,25,True,True
0.9979418716207034,0.00036164506498956257,80.6868649819463,14.177933127852347,4.8739738869823475,0.14330714944754533,3.0981170177459716,0.2056278921006205,0.1956028699874878,0.0570411785486781,True,mse,sqrt,10,20,True,True
0.9979335062951702,0.0005463614846115369,81.01481920415755,21.419555642711405,3.51205527285878,0.18483090416454184,3702.8892000198366,36.188071680631495,0.20631754398345947,0.036058642473451044,True,mae,,2,12,False,False
0.9979335062951702,0.0005463614846115369,81.01481920415755,21.419555642711405,3.51205527285878,0.18483090416454184,3713.022140097618,31.77360399478809,0.17536540031433107,0.05225873448627906,True,mae,,2,12,False,True
0.9979267315425634,0.0003664554847205443,81.28041660534373,14.36652082298439,4.55269767078968,0.14668650919737014,1.8195148944854735,0.12951622571071897,0.19353485107421875,0.038830838517317064,True,mse,log2,2,12,True,False
0.9979254881376008,0.0003746059225015974,81.32916305350211,14.686050585753158,4.899734062244936,0.14497040782934068,2.0390921115875242,0.09766230391973145,0.18647048473358155,0.038539076449040734,True,mse,sqrt,10,18,False,False
0.9979254881376008,0.0003746059225015974,81.32916305350211,14.686050585753158,4.899734062244936,0.14497040782934068,2.8832557439804076,0.14427063228062653,0.16205477714538574,0.04489660388265777,True,mse,sqrt,10,18,True,False
0.9979067703713649,0.00044475872626721955,82.06297436101104,17.43632110457977,4.504369666726766,0.16978536557059465,95.17497191429138,4.2559041055166285,0.15165357589721679,0.037367295456686156,True,mae,sqrt,2,10,False,True
0.9979045524596557,0.0003315700123169076,82.14992537166206,12.998870762872354,4.893637689294347,0.15485656804995251,2.4616673231124877,0.17993786540584225,0.1916266441345215,0.05489970976828587,True,mse,log2,5,20,True,False
0.997896670373608,0.0005110522153414553,82.45893467307359,20.035291050246496,4.744843691782579,0.20546164683335016,241.92768127918242,9.281223951322467,0.2027967929840088,0.044349554316833885,True,mae,sqrt,10,25,True,True
0.997896670373608,0.0005110522153414553,82.45893467307359,20.035291050246496,4.744843691782579,0.20546164683335016,242.2425316810608,8.874878704425349,0.24344463348388673,0.045223251107545014,True,mae,sqrt,10,25,False,False
0.997896670373608,0.0005110522153414553,82.45893467307359,20.035291050246496,4.744843691782579,0.20546164683335016,244.31140596866607,10.133035140945918,0.20189216136932372,0.03392297247073817,True,mae,sqrt,10,25,False,True
0.997894136104704,0.0004605321451279549,82.55828815118844,18.0547022175959,4.660483020801337,0.19720091107053228,115.86812326908111,5.725794328543995,0.17836425304412842,0.05862077384397713,True,mae,sqrt,5,12,False,False
0.997894136104704,0.0004605321451279549,82.55828815118844,18.0547022175959,4.660483020801337,0.19720091107053228,117.01616504192353,6.0822740763087175,0.15664069652557372,0.02526175937339543,True,mae,sqrt,5,12,True,True
0.9978884674910674,0.00033912261398246196,82.78052048019536,13.294962958568066,4.914095631796828,0.15409868226947623,2.65539972782135,0.18331641980537108,0.22554941177368165,0.06970020850601467,True,mse,log2,5,18,True,True
0.9978872273864131,0.0006153254705589322,82.8291375430621,24.123219747792543,3.5598429604668618,0.20479182056036252,3106.6758259773255,35.99045276354934,0.192972731590271,0.06352775302769868,True,mae,,2,10,False,False
0.9978872273864131,0.0006153254705589322,82.8291375430621,24.123219747792543,3.5598429604668618,0.20479182056036252,3107.407263112068,30.370854985481092,0.17943315505981444,0.05506871705094793,True,mae,,2,10,True,True
0.9978872273864131,0.0006153254705589322,82.8291375430621,24.123219747792543,3.5598429604668618,0.20479182056036252,3113.741863155365,30.633663705054754,0.17156190872192384,0.03810931555422513,True,mae,,2,10,False,True
0.9978867371209806,0.0005512269843053941,82.84835790907408,21.61030269270939,3.660339827754128,0.21255827828232282,3711.720680999756,36.63380867069236,0.17736217975616456,0.03402631485296471,True,mae,,8,12,False,False
0.9978867371209806,0.0005512269843053941,82.84835790907408,21.61030269270939,3.660339827754128,0.21255827828232282,3716.0197394132615,30.591553634881233,0.19186022281646728,0.06784866229999124,True,mae,,8,12,True,False
0.9978773574810311,0.0003595048817265409,83.21607731365586,14.094029383206003,4.61211419206923,0.12985144025316647,1.8544362306594848,0.1048369731897913,0.17656447887420654,0.048222677803485506,True,mse,log2,2,10,True,False
0.9978737280545216,0.000448978414888662,83.35836535054156,17.601749777295232,4.7444553822993365,0.23133032933567302,175.18764119148256,8.996018120878333,0.22316784858703614,0.05366993344041709,True,mae,sqrt,8,18,True,True
0.9978724893924897,0.00047425421152455727,83.40692585682835,18.592662108608295,3.7533104805482913,0.1624225447831081,3195.092164826393,128.20693333905317,0.07059812545776367,0.01962138410239843,True,mae,,10,12,False,True
0.9978710120574247,0.00040574064500090206,83.46484330072899,15.906656246615535,4.699329596885551,0.21020053377218897,1.3678074121475219,0.12110363163549476,0.1335226058959961,0.012849506896929321,True,mse,sqrt,5,8,False,False
0.9978710120574247,0.00040574064500090206,83.46484330072899,15.906656246615535,4.699329596885551,0.21020053377218897,1.4826838731765748,0.33364893314152005,0.15854122638702392,0.06356821173536713,True,mse,sqrt,5,8,True,False
0.9978704042828502,0.0005176700395783833,83.4886704951364,20.294736231632072,3.6579682819939072,0.1699945086641876,2450.7694314718246,37.80718567668315,0.13460657596588135,0.028615568856753548,True,mae,,5,8,True,False
0.9978704042828502,0.0005176700395783833,83.4886704951364,20.294736231632072,3.6579682819939072,0.1699945086641876,2482.581365585327,33.814272725909106,0.17363965511322021,0.052296335952909716,True,mae,,5,8,True,True
0.9978666303880862,0.00048569287720134896,83.63662226546508,19.04110355780179,4.794960060838952,0.2403155612051644,147.2811161518097,8.161163751793346,0.18166882991790773,0.058526830767499434,True,mae,sqrt,8,15,True,True
0.9978605702707514,0.0004105437295778084,83.87420310546271,16.09495637436901,4.5751296354639255,0.17856596372932682,78.76531302928925,3.495407433693906,0.1596888303756714,0.062250214836390635,True,mae,sqrt,2,8,False,True
0.9978605702707514,0.0004105437295778084,83.87420310546271,16.09495637436901,4.5751296354639255,0.17856596372932682,78.90087876319885,5.0857660116092225,0.16552679538726806,0.041496405030743,True,mae,sqrt,2,8,True,False
0.9978605702707514,0.0004105437295778084,83.87420310546271,16.09495637436901,4.5751296354639255,0.17856596372932682,80.94142620563507,4.283393169104375,0.16481993198394776,0.05349437588005416,True,mae,sqrt,2,8,True,True
0.9978590194616912,0.00038942572043757054,83.93500102385877,15.267045944034054,5.014752329307898,0.16101324559876887,1.6592894077301026,0.1622491371147265,0.14880878925323487,0.023430962063186275,True,mse,sqrt,10,12,False,True
0.9978590194616912,0.00038942572043757054,83.93500102385877,15.267045944034054,5.014752329307898,0.16101324559876887,2.197282600402832,0.17905394100749084,0.1473005533218384,0.028953735371371865,True,mse,sqrt,10,12,True,True
0.9978483969597868,0.0003379931787479711,84.35144558852107,13.250684579634584,4.987523825709983,0.15658424608880356,1.5468143463134765,0.2474060945119906,0.16443510055541993,0.04348780766651124,True,mse,log2,5,15,False,True
0.9978456040937831,0.0005455272368394015,84.46093710732814,21.386849793053194,4.802565910062182,0.19861647210162758,195.51619019508362,9.238974524203439,0.27934250831604,0.0717467757549573,True,mae,sqrt,10,20,True,False
0.9978456040937831,0.0005455272368394015,84.46093710732814,21.386849793053194,4.802565910062182,0.19861647210162758,196.68324036598204,8.729365430276859,0.20338840484619142,0.04022160477818972,True,mae,sqrt,10,20,False,False
0.9978241913105866,0.0004211165756439837,85.3004038597569,16.50945423154713,4.901287719218205,0.17960095943483131,1.3676243066787719,0.08880255819891567,0.11684594154357911,0.0343668134326218,True,mse,sqrt,8,10,False,False
0.9978241913105866,0.0004211165756439837,85.3004038597569,16.50945423154713,4.901287719218205,0.17960095943483131,1.5720609188079835,0.16673552158664456,0.1476259708404541,0.048735798573349635,True,mse,sqrt,8,10,False,True
0.9978241913105866,0.0004211165756439837,85.3004038597569,16.50945423154713,4.901287719218205,0.17960095943483131,1.8948688507080078,0.2747835673569029,0.17564504146575927,0.029193186279392908,True,mse,sqrt,8,10,True,True
0.997814537511566,0.0004956505488822026,85.67887139656088,19.431484118378002,4.730510411178424,0.19236400211306298,97.72583050727845,4.730643625307849,0.16864490509033203,0.0522289558891863,True,mae,sqrt,5,10,False,False
0.997814537511566,0.0004956505488822026,85.67887139656088,19.431484118378002,4.730510411178424,0.19236400211306298,99.11653761863708,4.308664974207024,0.18676421642303467,0.04898266523440192,True,mae,sqrt,5,10,True,False
0.9978092609275621,0.0005076186141313903,85.88573459585723,19.90068014840612,3.790039358148427,0.1669018058079833,3109.2945734024047,32.94366509201084,0.20633864402770996,0.061658904505758,True,mae,,10,10,True,False
0.9978077954215007,0.0005549187330014643,85.94318829548575,21.755034008590844,4.835994779283589,0.2007103407014837,176.4026901245117,8.905798591692557,0.27740135192871096,0.08173887950601041,True,mae,sqrt,10,18,False,True
0.9978077954215007,0.0005549187330014643,85.94318829548575,21.755034008590844,4.835994779283589,0.2007103407014837,177.58578889369966,8.760356897717616,0.1734738826751709,0.045804946492533354,True,mae,sqrt,10,18,True,True
0.9978022573555981,0.0004011410732395753,86.16030263113075,15.726334635284463,5.095516268867077,0.17096562642504767,1.7719135761260987,0.20607392380212544,0.13429574966430663,0.030487837501418702,True,mse,sqrt,10,10,True,False
0.9978022573555981,0.0004011410732395753,86.16030263113075,15.726334635284463,5.095516268867077,0.17096562642504767,2.2274555206298827,0.25975033050301544,0.1405107021331787,0.037711124531824805,True,mse,sqrt,10,10,True,True
0.9977905259221485,0.0006376225497376652,86.62022174808979,24.997354439916116,3.704772063122614,0.2268697744633729,3098.358132171631,29.053337193357013,0.16414332389831543,0.0353671476345592,True,mae,,8,10,True,False
0.9977905259221485,0.0006376225497376652,86.62022174808979,24.997354439916116,3.704772063122614,0.2268697744633729,3099.530091500282,31.109088085298527,0.16066434383392333,0.04022979292337504,True,mae,,8,10,False,True
0.9977905259221485,0.0006376225497376652,86.62022174808979,24.997354439916116,3.704772063122614,0.2268697744633729,3103.617924118042,29.224243716873772,0.19429333209991456,0.0766813719016718,True,mae,,8,10,True,True
0.9977898305794302,0.00033155903131581885,86.64748196401641,12.998440263705026,5.073312458047196,0.16057624290074834,1.7076096773147582,0.12491334502994736,0.14639461040496826,0.020423301366641586,True,mse,log2,5,12,True,True
0.9977864814478491,0.0005372344415918728,86.77878131852893,21.061739048167087,4.871654958775961,0.23189659779585747,115.96984252929687,5.532818789552748,0.18156023025512696,0.059405006281132544,True,mae,sqrt,8,12,False,False
0.9977864814478491,0.0005372344415918728,86.77878131852893,21.061739048167087,4.871654958775961,0.23189659779585747,117.30485391616821,4.555939994643264,0.1401294946670532,0.017330353757446296,True,mae,sqrt,8,12,False,True
0.9977864814478491,0.0005372344415918728,86.77878131852893,21.061739048167087,4.871654958775961,0.23189659779585747,117.49902029037476,4.582516810472497,0.1891549348831177,0.03972242820876409,True,mae,sqrt,8,12,True,False
0.9977833800913598,0.00032070998495857387,86.90036689833532,12.573114250315303,4.7189761083423445,0.09401747221972336,1.188349723815918,0.0979848643015972,0.14201207160949708,0.04038855156910302,True,mse,log2,2,8,False,True
0.9977785565381911,0.0004142925996863412,87.0894694767574,16.241927078102897,4.980858605929679,0.19874886930772265,1.3273226499557496,0.11457285085786549,0.15304980278015137,0.06584711775238047,True,mse,sqrt,8,8,False,True
0.9977785565381911,0.0004142925996863412,87.0894694767574,16.241927078102897,4.980858605929679,0.19874886930772265,1.3718999862670898,0.1801608752079172,0.14671041965484619,0.028616130097687546,True,mse,sqrt,8,8,False,False
0.9977785565381911,0.0004142925996863412,87.0894694767574,16.241927078102897,4.980858605929679,0.19874886930772265,1.6403672456741334,0.15343562043386863,0.13609592914581298,0.04295904349150686,True,mse,sqrt,8,8,True,True
0.9977785565381911,0.0004142925996863412,87.0894694767574,16.241927078102897,4.980858605929679,0.19874886930772265,1.9105410814285277,0.1989074957155074,0.14146602153778076,0.04558673332944858,True,mse,sqrt,8,8,True,False
0.9977762293518408,0.0005919133613660695,87.18070449042666,23.205371418996272,4.891462043482315,0.22803845543473722,146.76856379508973,5.8451745222066265,0.16189489364624024,0.04630666579287679,True,mae,sqrt,10,15,False,True
0.9977762293518408,0.0005919133613660695,87.18070449042666,23.205371418996272,4.891462043482315,0.22803845543473722,147.50784795284272,5.8697778367364,0.17026753425598146,0.04760586772141975,True,mae,sqrt,10,15,True,True
0.9977762293518408,0.0005919133613660695,87.18070449042666,23.205371418996272,4.891462043482315,0.22803845543473722,147.91918497085572,6.39310585359072,0.1940454959869385,0.05595336341434629,True,mae,sqrt,10,15,False,False
0.9977512945957214,0.000613387436756997,88.15824666933902,24.047241070621624,3.661577415530135,0.22453608636733594,2478.1449567079544,29.630947639274233,0.14447953701019287,0.04182821458177798,True,mae,,2,8,True,False
0.9977512945957214,0.000613387436756997,88.15824666933902,24.047241070621624,3.661577415530135,0.22453608636733594,2479.9428948163986,26.591122869151366,0.17279205322265626,0.05580809149142042,True,mae,,2,8,False,False
0.9977512945957214,0.000613387436756997,88.15824666933902,24.047241070621624,3.661577415530135,0.22453608636733594,2480.3395664453506,29.631494598508603,0.14762890338897705,0.020568820909933325,True,mae,,2,8,False,True
0.9977509411184983,0.0004172380647323294,88.17210439039053,16.357401089766007,5.176468849841108,0.1936327436314883,1.5327682733535766,0.0648359719210246,0.12052805423736572,0.048654693863074104,True,mse,sqrt,10,8,True,True
0.9977425010072458,0.0003452187899145882,88.50299051193086,13.533957439812161,5.141897879705925,0.16787351778633203,1.288328194618225,0.14344648084473546,0.21312179565429687,0.06364336089260228,True,mse,log2,5,10,False,True
0.9977425010072458,0.0003452187899145882,88.50299051193086,13.533957439812161,5.141897879705925,0.16787351778633203,1.5709107398986817,0.09764326209086235,0.1850135326385498,0.043929434961611086,True,mse,log2,5,10,True,False
0.9977265964713935,0.0005077592630358697,89.12651193548632,19.90619414805822,3.8593320880658695,0.17561196926537662,2486.855825972557,36.94776302431249,0.15561718940734864,0.02449634169695597,True,mae,,10,8,True,False
0.9977263946520173,0.0004158963127779084,89.13442406231106,16.304799046144435,4.8497084555501955,0.18736299441373633,81.1404843568802,3.201960704033015,0.17347414493560792,0.06897112588355414,True,mae,sqrt,5,8,True,False
0.9977263946520173,0.0004158963127779084,89.13442406231106,16.304799046144435,4.8497084555501955,0.18736299441373633,83.60618152618409,4.641822125386918,0.1558382749557495,0.028405877157419383,True,mae,sqrt,5,8,False,True
0.9977081346521336,0.0006242756590157598,89.85028909775286,24.474102936053935,3.769682064127795,0.22315288143268872,2475.8443259239198,30.830897486436676,0.15985324382781982,0.04122489680454864,True,mae,,8,8,False,True
0.9977081346521336,0.0006242756590157598,89.85028909775286,24.474102936053935,3.769682064127795,0.22315288143268872,2476.16352686882,23.335223603950915,0.153582763671875,0.051559037814859196,True,mae,,8,8,True,False
0.9976976766312137,0.0006275106201577292,90.26028534989419,24.60092635266357,4.935739183762274,0.24737966338158685,96.28290529251099,3.836687888634111,0.15981030464172363,0.036296644557932495,True,mae,sqrt,8,10,False,False
0.997692516443345,0.00037670005495258073,90.46258535510506,14.768148954360466,5.393355052338525,0.2059215366437594,2.489301300048828,0.19722321064170625,0.22157003879547119,0.03598229914121521,True,mse,log2,8,20,True,False
0.997692516443345,0.00037670005495258073,90.46258535510506,14.768148954360466,5.393355052338525,0.2059215366437594,2.489553689956665,0.23620203851409866,0.1883619785308838,0.043475910326560986,True,mse,log2,8,20,True,True
0.9976771229592042,0.0006358796551237654,91.06607150736531,24.929025999471122,5.001695054524831,0.22067252047149208,117.32551882266998,5.979834020622475,0.15682480335235596,0.03170536171888201,True,mae,sqrt,10,12,True,True
0.9976682495114825,0.0003809956265696615,91.41394615184043,14.936552544036868,5.423028053027161,0.21379106844383566,1.5243101835250854,0.20596337879584176,0.20969924926757813,0.039384033742679736,True,mse,log2,8,18,False,True
0.9976568861474291,0.00033059880576281946,91.85943547619382,12.960795581126119,5.236458362333873,0.16204349038851187,1.1156900644302368,0.1401773193698331,0.1535801887512207,0.06807023472916401,True,mse,log2,5,8,False,True
0.9976568861474291,0.00033059880576281946,91.85943547619382,12.960795581126119,5.236458362333873,0.16204349038851187,1.546532940864563,0.28570996111486513,0.21191301345825195,0.07858886554346538,True,mse,log2,5,8,True,True
0.9976423771722007,0.0003789333967538497,92.42824534104255,14.855704886338826,5.482032361859933,0.2023127156727715,1.3237348794937134,0.08572653134185342,0.1778035879135132,0.03569724808130808,True,mse,log2,8,15,False,False
0.9976423771722007,0.0003789333967538497,92.42824534104255,14.855704886338826,5.482032361859933,0.2023127156727715,1.8916340589523315,0.22874772722544323,0.16977062225341796,0.03670575983060022,True,mse,log2,8,15,True,False
0.9976423771722007,0.0003789333967538497,92.42824534104255,14.855704886338826,5.482032361859933,0.2023127156727715,2.138356614112854,0.23875442751241316,0.20995900630950928,0.03956683103979485,True,mse,log2,8,15,True,True
0.9976390595011927,0.000580737357971823,92.55831131524268,22.76722738192573,5.019196088984481,0.2460258338780881,80.03683664798737,4.492075660898831,0.1462543249130249,0.044339991682287215,True,mae,sqrt,8,8,False,False
0.9976345162736974,0.00038152847478708927,92.7364240059723,14.957442325553398,5.602198525292698,0.21099570736149048,2.079391431808472,0.27893292091812905,0.2567883014678955,0.06749451861182358,True,mse,log2,10,25,False,True
0.9976345162736974,0.00038152847478708927,92.7364240059723,14.957442325553398,5.602198525292698,0.21099570736149048,2.644684362411499,0.2107574046674608,0.1907562255859375,0.05502334736945807,True,mse,log2,10,25,True,False
0.9976345162736974,0.00038152847478708927,92.7364240059723,14.957442325553398,5.602198525292698,0.21099570736149048,2.928711485862732,0.11875122961482977,0.24078185558319093,0.06212910267907155,True,mse,log2,10,25,True,True
0.9976210943648008,0.0006551615531664228,93.26261652235034,25.684953530336518,5.066729582603077,0.2248697177476249,94.87783741950989,4.3747958032343455,0.15789365768432617,0.03325865659277183,True,mae,sqrt,10,10,True,True
0.9976210943648008,0.0006551615531664228,93.26261652235034,25.684953530336518,5.066729582603077,0.2248697177476249,95.19456462860107,4.380996688872644,0.16347684860229492,0.058429730636448594,True,mae,sqrt,10,10,True,False
0.9976210943648008,0.0006551615531664228,93.26261652235034,25.684953530336518,5.066729582603077,0.2248697177476249,96.83349649906158,4.075759347517276,0.14843859672546386,0.03949721918771481,True,mae,sqrt,10,10,False,True
0.9976046963913213,0.00038782290149735074,93.90548267463903,15.204209030302641,5.669969118671116,0.20978916928494365,1.3942925930023193,0.07564584135553128,0.18614683151245118,0.06222746402898862,True,mse,log2,10,20,False,False
0.9976046963913213,0.00038782290149735074,93.90548267463903,15.204209030302641,5.669969118671116,0.20978916928494365,2.1573120832443236,0.1571142874679244,0.17474722862243652,0.04236053025812248,True,mse,log2,10,20,True,True
0.9976046963913213,0.00038782290149735074,93.90548267463903,15.204209030302641,5.669969118671116,0.20978916928494365,2.37275607585907,0.16089150533284516,0.21445901393890382,0.06923847760273658,True,mse,log2,10,20,True,False
0.9975750270621881,0.0003860354135779456,95.06863905397267,15.134132353908468,5.716570528509385,0.20650918155885348,1.5918832540512085,0.20581181637765722,0.21038615703582764,0.04032904422751144,True,mse,log2,10,18,False,True
0.9975706815227546,0.0003874256285655501,95.23900158192555,15.188634342283311,5.581388472729956,0.21440380222044217,1.1467987060546876,0.15196283794830456,0.15513143539428711,0.04021808012649147,True,mse,log2,8,12,False,True
0.9975706815227546,0.0003874256285655501,95.23900158192555,15.188634342283311,5.581388472729956,0.21440380222044217,1.3089901208877563,0.18258059543239893,0.17212061882019042,0.06285943134297774,True,mse,log2,8,12,False,False
0.9975706815227546,0.0003874256285655501,95.23900158192555,15.188634342283311,5.581388472729956,0.21440380222044217,1.5426705598831176,0.08880836742885058,0.14148542881011963,0.034745396401995685,True,mse,log2,8,12,True,False
0.9975523091904217,0.00037274572214840884,95.95927049870879,14.613123291106247,5.743285547406635,0.1918724757177684,1.2097099781036378,0.06635360994547711,0.17112112045288086,0.039206915712828264,True,mse,log2,10,15,False,True
0.9975523091904217,0.00037274572214840884,95.95927049870879,14.613123291106247,5.743285547406635,0.1918724757177684,1.7654661655426025,0.08926185932951153,0.1739112138748169,0.05580335100193839,True,mse,log2,10,15,True,True
0.9975523091904217,0.00037274572214840884,95.95927049870879,14.613123291106247,5.743285547406635,0.1918724757177684,2.0838764905929565,0.211309704412831,0.15915489196777344,0.030930881853653475,True,mse,log2,10,15,True,False
0.997551304787389,0.0006062954129894063,95.99864711520281,23.769205370837977,5.147319551962317,0.21303932046338753,79.5484297990799,3.6134422889406665,0.14037249088287354,0.03631476993845037,True,mae,sqrt,10,8,False,True
0.997551304787389,0.0006062954129894063,95.99864711520281,23.769205370837977,5.147319551962317,0.21303932046338753,80.09772889614105,3.7050556897527622,0.1712428092956543,0.07070254355456308,True,mae,sqrt,10,8,False,False
0.997551304787389,0.0006062954129894063,95.99864711520281,23.769205370837977,5.147319551962317,0.21303932046338753,80.95016827583314,4.05659835002575,0.11920752525329589,0.02534028503989816,True,mae,sqrt,10,8,True,True
0.9975448025056113,0.0004752879697429179,96.25356257001506,18.63318956580302,5.62452117822038,0.17657120027558884,108.80363879203796,4.34554665345987,0.23950955867767335,0.0495303803167273,True,mae,log2,2,25,True,False
0.997512188858892,0.0004571106638254224,97.5321479760019,17.92056646461053,5.677867142651824,0.17726576786333598,85.25659461021424,2.331840483153614,0.24927313327789308,0.07023869621755086,True,mae,log2,2,20,False,False
0.997512188858892,0.0004571106638254224,97.5321479760019,17.92056646461053,5.677867142651824,0.17726576786333598,85.28592576980591,2.799481932026451,0.17452578544616698,0.03913735058653197,True,mae,log2,2,20,False,True
0.99750235266113,0.00041405545730339,97.91776627306275,16.23263014812242,5.674995140200547,0.2356085419813624,1.0373883724212647,0.12136673461512036,0.1613093137741089,0.028353613467386633,True,mse,log2,8,10,False,True
0.997481392523042,0.0003857857566950002,98.7394875266592,15.124344805470068,5.8334835310879605,0.19900815753005502,1.353800892829895,0.16784664841426922,0.18839075565338134,0.05151922771637958,True,mse,log2,10,12,False,True
0.997481392523042,0.0003857857566950002,98.7394875266592,15.124344805470068,5.8334835310879605,0.19900815753005502,1.6541545867919922,0.13632263290546012,0.14964652061462402,0.02951435739693765,True,mse,log2,10,12,True,False
0.9974422439120929,0.00039499088383477865,100.27426967030702,15.485222609861044,5.762210744441847,0.21035336034883328,0.9502789974212646,0.12220761302422423,0.14254767894744874,0.02572216040297453,True,mse,log2,8,8,False,True
0.9974422439120929,0.00039499088383477865,100.27426967030702,15.485222609861044,5.762210744441847,0.21035336034883328,1.2858553409576416,0.07919065607620945,0.14195210933685304,0.04644534236497071,True,mse,log2,8,8,True,False
0.9974422439120929,0.00039499088383477865,100.27426967030702,15.485222609861044,5.762210744441847,0.21035336034883328,1.3831735372543335,0.10363823296001048,0.14148292541503907,0.01969311299167548,True,mse,log2,8,8,True,True
0.9974261918117636,0.0005277214167688115,100.90357621162089,20.688790423004555,5.871855240243997,0.2656479071173848,106.4644730091095,5.097589712348772,0.2324753999710083,0.037838426062116896,True,mae,log2,5,25,False,False
0.9974261918117636,0.0005277214167688115,100.90357621162089,20.688790423004555,5.871855240243997,0.2656479071173848,108.52330667972565,3.610432111205155,0.20792531967163086,0.04114977118381631,True,mae,log2,5,25,False,True
0.9974261918117636,0.0005277214167688115,100.90357621162089,20.688790423004555,5.871855240243997,0.2656479071173848,109.99360423088073,3.8919680898524156,0.23363084793090821,0.06370974380971789,True,mae,log2,5,25,True,False
0.9974179549032275,0.00042848454990902714,101.22649597387215,16.798308294633713,5.916980992015135,0.23657342801567982,0.9125919342041016,0.07012868928226577,0.1273879051208496,0.020923615225739323,True,mse,log2,10,10,False,False
0.9974179549032275,0.00042848454990902714,101.22649597387215,16.798308294633713,5.916980992015135,0.23657342801567982,1.5034761667251586,0.10561480827795121,0.14155375957489014,0.0289210359120213,True,mse,log2,10,10,True,True
0.9973842570184858,0.0004996766847361417,102.54758784728277,19.58932474839568,5.810932387690886,0.1905713988952093,63.65409965515137,2.4462164088941716,0.19120726585388184,0.055231107663298966,True,mae,log2,2,15,False,True
0.9973842570184858,0.0004996766847361417,102.54758784728277,19.58932474839568,5.810932387690886,0.1905713988952093,63.74454612731934,2.707027261040287,0.19247848987579347,0.033102259977586215,True,mae,log2,2,15,False,False
0.9973732102759336,0.0005544257241329149,102.98066434229929,21.735706088906944,5.949303083585055,0.2642873638051847,85.68331179618835,3.920188576311556,0.20778026580810546,0.04512364782161712,True,mae,log2,5,20,False,False
0.9973732102759336,0.0005544257241329149,102.98066434229929,21.735706088906944,5.949303083585055,0.2642873638051847,85.99538221359253,4.023031967935344,0.1835853338241577,0.038117553202583,True,mae,log2,5,20,False,True
0.9973732102759336,0.0005544257241329149,102.98066434229929,21.735706088906944,5.949303083585055,0.2642873638051847,86.4994870185852,3.224131172376991,0.20116631984710692,0.047771296186509125,True,mae,log2,5,20,True,False
0.997318558226891,0.0005348876402391595,105.1232432729675,20.969735047937487,6.05660313203332,0.27065222681844303,107.31303567886353,3.774763056950335,0.22883951663970947,0.060297557102992554,True,mae,log2,8,25,False,False
0.99731676948231,0.0006038315983961804,105.19336921552095,23.672613983523718,5.998376342478969,0.27697696603921046,76.50254139900207,3.4619412661520497,0.21292362213134766,0.057500959727916016,True,mae,log2,5,18,False,True
0.99731676948231,0.0006038315983961804,105.19336921552095,23.672613983523718,5.998376342478969,0.27697696603921046,77.45960235595703,4.012127518658257,0.19231245517730713,0.05973871109601868,True,mae,log2,5,18,False,False
0.99731676948231,0.0006038315983961804,105.19336921552095,23.672613983523718,5.998376342478969,0.27697696603921046,78.13075761795044,3.580249878002931,0.22828855514526367,0.057629100106704585,True,mae,log2,5,18,True,False
0.99731676948231,0.0006038315983961804,105.19336921552095,23.672613983523718,5.998376342478969,0.27697696603921046,78.3064702987671,3.34897964385487,0.2065671682357788,0.03529861132142727,True,mae,log2,5,18,True,True
0.9973121905460356,0.00043097558272052456,105.37288183322167,16.8959667449756,6.047358480378686,0.24350842652376242,1.3948740005493163,0.1849106268238804,0.17415099143981932,0.05369304969701849,True,mse,log2,10,8,True,False
0.9972968217443973,0.00047223923477779383,105.97540033264605,18.513666960228537,5.912521704511468,0.17250899970389652,49.99465827941894,2.183848678133067,0.15580604076385499,0.02295738483694359,True,mae,log2,2,12,False,True
0.9972968217443973,0.00047223923477779383,105.97540033264605,18.513666960228537,5.912521704511468,0.17250899970389652,50.83957757949829,2.169935960053372,0.17272160053253174,0.02905368154503341,True,mae,log2,2,12,True,False
0.9972968217443973,0.00047223923477779383,105.97540033264605,18.513666960228537,5.912521704511468,0.17250899970389652,51.06605987548828,1.5884217109001102,0.15317001342773437,0.01996121317490713,True,mae,log2,2,12,True,True
0.9972563433457634,0.000516069388574466,107.56231547269135,20.231984309673027,6.143117275598338,0.2426304672002842,85.52955634593964,2.656043604358818,0.2797661066055298,0.08724875806244642,True,mae,log2,8,20,False,False
0.9972563433457634,0.000516069388574466,107.56231547269135,20.231984309673027,6.143117275598338,0.2426304672002842,87.24816854000092,2.966137541133204,0.2358924388885498,0.057435230831909,True,mae,log2,8,20,True,False
0.997246266825753,0.0006879661460800914,107.95735536318347,26.971024790924073,6.074631014318135,0.3006777483216395,65.64167075157165,3.5663752819915318,0.20671522617340088,0.08384651595813368,True,mae,log2,5,15,False,True
0.997246266825753,0.0006879661460800914,107.95735536318347,26.971024790924073,6.074631014318135,0.3006777483216395,66.56854124069214,3.145258292372171,0.1914532423019409,0.05478180315262958,True,mae,log2,5,15,True,False
0.9972082571439751,0.0005305672709355991,109.44748692760201,20.80035928975914,6.1900841359964645,0.24477945206292406,76.72442498207093,3.1783952093311645,0.19253091812133788,0.02799297227117863,True,mae,log2,8,18,False,False
0.9972082571439751,0.0005305672709355991,109.44748692760201,20.80035928975914,6.1900841359964645,0.24477945206292406,77.46367824077606,2.626392465031436,0.18787949085235595,0.05537565414668826,True,mae,log2,8,18,True,False
0.9971986506997738,0.0004886598327761139,109.8240979660712,19.157420084154708,6.02878231194603,0.22035028274930699,41.9500830411911,1.7516981838113659,0.15888454914093017,0.036160076807648676,True,mae,log2,2,10,False,False
0.9971986506997738,0.0004886598327761139,109.8240979660712,19.157420084154708,6.02878231194603,0.22035028274930699,42.223724722862244,1.5138111208851657,0.16484367847442627,0.0416647565857904,True,mae,log2,2,10,True,True
0.9971986506997738,0.0004886598327761139,109.8240979660712,19.157420084154708,6.02878231194603,0.22035028274930699,42.63568034172058,2.0186849436786423,0.15173690319061278,0.03412454776657139,True,mae,log2,2,10,False,True
0.9971726460363882,0.0005633049326612044,110.84358478943778,22.083806580050283,6.2599844260636335,0.2440667290818506,84.63889102935791,4.263506597777193,0.18142836093902587,0.04282229079131042,True,mae,log2,10,20,True,True
0.9971726460363882,0.0005633049326612044,110.84358478943778,22.083806580050283,6.2599844260636335,0.2440667290818506,84.94666330814361,3.893228756066777,0.2190321683883667,0.06474577006306531,True,mae,log2,10,20,False,True
0.9971726460363882,0.0005633049326612044,110.84358478943778,22.083806580050283,6.2599844260636335,0.2440667290818506,85.97852876186371,4.095107443052675,0.21702799797058106,0.04972864069287238,True,mae,log2,10,20,True,False
0.9971628106426582,0.0005579785067276233,111.22917156522531,21.874989377749806,6.240321662858994,0.2421306115164112,63.31264450550079,4.8015478803969645,0.21861426830291747,0.08704620826233928,True,mae,log2,8,15,False,False
0.9971499900330009,0.0006630473724113309,111.7317907462355,25.994109188013862,6.182369057459589,0.2746293473381452,51.43623287677765,2.8516397463263456,0.14311838150024414,0.029404191610274327,True,mae,log2,5,12,False,True
0.9971499900330009,0.0006630473724113309,111.7317907462355,25.994109188013862,6.182369057459589,0.2746293473381452,51.64291477203369,2.9467357145855684,0.16322970390319824,0.03638966563201874,True,mae,log2,5,12,False,False
0.9971499900330009,0.0006630473724113309,111.7317907462355,25.994109188013862,6.182369057459589,0.2746293473381452,52.12618911266327,2.815361387361782,0.1758636474609375,0.05912796966365175,True,mae,log2,5,12,True,True
0.9971315574020921,0.0005575863002584158,112.45442360837575,21.85961331533049,6.298760911919294,0.2563557839367302,76.40185146331787,2.665416947470073,0.18111894130706788,0.06435863693969998,True,mae,log2,10,18,True,False
0.9971315574020921,0.0005575863002584158,112.45442360837575,21.85961331533049,6.298760911919294,0.2563557839367302,77.07321970462799,3.351003820681584,0.1916492462158203,0.05063317987182034,True,mae,log2,10,18,True,True
0.9971020803322667,0.00047457805929218924,113.61004265381389,18.60535823649178,6.155770768015522,0.2657219435067747,34.14971435070038,1.207546802748274,0.17637410163879394,0.06577338325999119,True,mae,log2,2,8,True,True
0.9971020803322667,0.00047457805929218924,113.61004265381389,18.60535823649178,6.155770768015522,0.2657219435067747,35.57389409542084,1.4070291271146302,0.1725989818572998,0.04048933618441611,True,mae,log2,2,8,False,True
0.9970866449617032,0.0005473697929828383,114.21517092139015,21.459085364100897,6.349389957287525,0.25828135245995953,49.66399371623993,3.9620300677679587,0.17791130542755126,0.05992870182113841,True,mae,log2,8,12,False,False
0.9970866449617032,0.0005473697929828383,114.21517092139015,21.459085364100897,6.349389957287525,0.25828135245995953,50.76865470409393,2.798164930820662,0.1555727481842041,0.04726090953924651,True,mae,log2,8,12,True,False
0.9970866449617032,0.0005473697929828383,114.21517092139015,21.459085364100897,6.349389957287525,0.25828135245995953,52.49879882335663,2.8470409226619493,0.1600982666015625,0.03958384019398101,True,mae,log2,8,12,True,True
0.9970853708456596,0.0005978023508478943,114.26512136675909,23.436243362641324,6.378712086717552,0.2342905433121683,63.82025892734528,2.868411177243626,0.20370969772338868,0.05546291716518518,True,mae,log2,10,15,False,True
0.9970430638553333,0.0006821371200710325,115.92372461551851,26.742503655265622,6.273203383359531,0.2660516139378717,43.11583297252655,2.5016659016315157,0.14590749740600586,0.04104331450123974,True,mae,log2,5,10,True,True
0.9970430638553333,0.0006821371200710325,115.92372461551851,26.742503655265622,6.273203383359531,0.2660516139378717,43.54694867134094,2.3901742689253442,0.1381208896636963,0.03807916853778855,True,mae,log2,5,10,True,False
0.9970119112529676,0.0006010491990893721,117.14503123866115,23.563532801099818,6.500198443738485,0.23823703813904812,49.903231501579285,2.6232972364252305,0.16984636783599855,0.042895681191184615,True,mae,log2,10,12,True,False
0.9970119112529676,0.0006010491990893721,117.14503123866115,23.563532801099818,6.500198443738485,0.23823703813904812,50.0757648229599,2.632253520520035,0.14358665943145751,0.02528705180555158,True,mae,log2,10,12,True,True
0.9970119112529676,0.0006010491990893721,117.14503123866115,23.563532801099818,6.500198443738485,0.23823703813904812,50.9990996837616,1.2415498022897649,0.18928732872009277,0.0456524209257147,True,mae,log2,10,12,False,False
0.9970119112529676,0.0006010491990893721,117.14503123866115,23.563532801099818,6.500198443738485,0.23823703813904812,51.10969545841217,2.5470877900390096,0.14176251888275146,0.032087962128206735,True,mae,log2,10,12,False,True
0.9969438977866523,0.000606936729836637,119.81143117208168,23.79434755651695,6.50290826626743,0.27713965846808414,41.45691196918487,1.6034361960843009,0.14024050235748292,0.042612060571680196,True,mae,log2,8,10,False,False
0.9969308698129749,0.0006422571985018621,120.32217985213438,25.179051210068433,6.3839982793004735,0.22017543477556448,34.87242476940155,2.143709674006598,0.1534137487411499,0.03806391935991416,True,mae,log2,5,8,True,True
0.9969308698129749,0.0006422571985018621,120.32217985213438,25.179051210068433,6.3839982793004735,0.22017543477556448,35.425814270973206,2.5980170543784102,0.15647566318511963,0.04119294648390715,True,mae,log2,5,8,True,False
0.9969308698129749,0.0006422571985018621,120.32217985213438,25.179051210068433,6.3839982793004735,0.22017543477556448,35.82927007675171,1.7203221127952526,0.15715954303741456,0.043804863583205005,True,mae,log2,5,8,False,True
0.9969308698129749,0.0006422571985018621,120.32217985213438,25.179051210068433,6.3839982793004735,0.22017543477556448,36.25735476016998,2.9310817160825247,0.1550215005874634,0.04639651446464382,True,mae,log2,5,8,False,False
0.9969231327177324,0.0006067514714464941,120.62550493402027,23.787084686587235,6.551863319857319,0.25904742949450466,42.24551038742065,1.8683334791436377,0.13265600204467773,0.025739619052815032,True,mae,log2,10,10,False,False
0.9969231327177324,0.0006067514714464941,120.62550493402027,23.787084686587235,6.551863319857319,0.25904742949450466,42.26812629699707,3.5753932531938477,0.17155098915100098,0.06299858411093959,True,mae,log2,10,10,True,True
0.9969231327177324,0.0006067514714464941,120.62550493402027,23.787084686587235,6.551863319857319,0.25904742949450466,42.47462103366852,2.1634856032358463,0.15338950157165526,0.0420205548247525,True,mae,log2,10,10,False,True
0.9968519961067638,0.0005437796555103595,123.41434463042953,21.31833761462777,6.606639316997791,0.25190962339759865,34.306146025657654,2.1113167686052576,0.16411025524139405,0.05529310773451466,True,mae,log2,8,8,False,True
0.9968519961067638,0.0005437796555103595,123.41434463042953,21.31833761462777,6.606639316997791,0.25190962339759865,34.436443495750424,1.8507902685706783,0.1257204532623291,0.0363524367954442,True,mae,log2,8,8,False,False
0.9968519961067638,0.0005437796555103595,123.41434463042953,21.31833761462777,6.606639316997791,0.25190962339759865,34.57442696094513,1.699354374826671,0.12301249504089355,0.02858601421580792,True,mae,log2,8,8,True,False
0.9968519961067638,0.0005437796555103595,123.41434463042953,21.31833761462777,6.606639316997791,0.25190962339759865,35.65677671432495,1.8505653686621513,0.1401289939880371,0.03229401426167986,True,mae,log2,8,8,True,True
0.9968309445452157,0.0005765543698600021,124.23965004936471,22.603237515991243,6.672651253091125,0.2835342817176928,34.32430734634399,2.5515133778012986,0.1752549171447754,0.050960800952768864,True,mae,log2,10,8,True,False
0.9968309445452157,0.0005765543698600021,124.23965004936471,22.603237515991243,6.672651253091125,0.2835342817176928,34.669184517860415,1.958080826048308,0.11971149444580079,0.023235833496883036,True,mae,log2,10,8,False,True
