Accuracy,stdAccuracy,Mse,stdMse,Mae,stdMae,FitTime,stdFitTime,ScoreTime,stdScoreTime,algorithm,leaf_size,n_neighbors,p,weights
0.9979405707734205,0.0006408011277765784,38.371800206937074,11.939566813014297,2.6543245667416677,0.1673774159241856,2.124520015716553,0.17442576626843528,105.89553201198578,3.8213311044706013,ball_tree,30,8,1,distance
0.9979398664621683,0.0006413823716533995,38.38492311026607,11.95039669423934,2.6546020956128573,0.16802683250072906,2.0555949926376345,0.13933550025281585,114.81092493534088,1.849123601179042,kd_tree,30,8,1,distance
0.9979109516047393,0.0006883479161849446,38.92367196259581,12.825470461337032,2.170143930322755,0.15228392734843574,2.2054441452026365,0.1187218213389924,129.27177648544313,1.7968635035320455,kd_tree,10,3,1,distance
0.9979058554546679,0.0005380411317493304,39.018624704764186,10.024916877036885,2.5693782185655327,0.1615295789068601,2.3139898777008057,0.14189786578541047,105.1996301651001,1.8243524111131177,ball_tree,10,7,1,distance
0.9979052507973144,0.0008853209786200503,39.02989083173889,16.495521803893823,2.3833866528067436,0.1675702532895492,2.0282044410705566,0.0838592513460968,96.26517198085784,2.4092786028360305,ball_tree,30,5,1,distance
0.9979051572492258,0.0008851170550732187,39.03163384311161,16.49172224938803,2.3837486636953487,0.1671270847087916,2.013129377365112,0.10762690183179446,108.46078650951385,5.839956306834864,kd_tree,50,5,1,distance
0.9978968006192166,0.0006010515366366261,39.18733666260267,11.198942493498054,2.3837941856413067,0.14389414159665445,2.1617895126342774,0.06559791931180622,155.27575356960295,2.528305723970228,kd_tree,10,5,1,distance
0.9978884826595995,0.0005285566003071019,39.3423189656762,9.848198716072087,2.8100091663711653,0.1539309499898344,2.346306490898132,0.07709634367917775,108.33622217178345,1.8122178529241852,ball_tree,10,10,1,distance
0.9978702804763074,0.0004003658744735838,39.681466595319506,7.459717064660491,2.471009535621772,0.12601752259251728,0.413638973236084,0.07536029930236698,86.47985053062439,4.075105070447507,brute,70,4,1,uniform
0.9978702804763074,0.0004003658744735838,39.681466595319506,7.459717064660491,2.471009535621772,0.12601752259251728,0.4352844715118408,0.05230040005115353,112.83758780956268,8.358833693433326,brute,50,4,1,uniform
0.9978702804763074,0.0004003658744735838,39.681466595319506,7.459717064660491,2.471009535621772,0.12601752259251728,0.45311603546142576,0.038011643962629196,98.53826966285706,11.108047095081755,brute,10,4,1,uniform
0.9978547432773496,0.0005372370979211269,39.97095957060462,10.009935917741686,2.479952425686315,0.1514755207329188,2.2231892347335815,0.1255436743269217,167.6768145084381,2.32001027212692,kd_tree,10,6,1,distance
0.9978265364809973,0.0007955697618390065,40.496515651941785,14.823254695024268,2.1812226799540664,0.15685984578945555,2.0990070104599,0.12676062568355828,95.48402962684631,2.9502160358593685,ball_tree,30,3,1,distance
0.9978264304563534,0.0007012621765201752,40.498491129609775,13.066092188467449,2.299913520844199,0.1500037859943889,2.297513556480408,0.13222976460958238,103.48788261413574,6.560954902361962,ball_tree,10,3,1,uniform
0.997819152333049,0.0009595536675022342,40.63409894254696,17.878643821318853,2.4836955315487748,0.1750408500304885,2.207770848274231,0.14291762574321695,104.844620013237,4.73261549706786,ball_tree,30,6,1,distance
0.997819152333049,0.0009595536675022342,40.63409894254696,17.878643821318853,2.4836955315487748,0.1750408500304885,2.2213831424713133,0.13215052778458666,102.19346737861633,2.35111098374737,ball_tree,50,6,1,distance
0.9978186315721511,0.0009603940185557405,40.643801889785344,17.894301452235922,2.4840930242260386,0.17589272937072417,2.1475674629211428,0.15462284055690276,109.09682002067566,3.2494458232224894,kd_tree,50,6,1,distance
0.9978136667789469,0.0006099905819637482,40.73630715796646,11.365497020793304,2.5881746248810438,0.15449623617093813,0.41308629512786865,0.08217885929612616,87.27038450241089,4.869048847770271,brute,10,7,1,distance
0.9978136667789469,0.0006099905819637482,40.73630715796646,11.365497020793304,2.5881746248810438,0.15449623617093813,0.49566566944122314,0.08358241757328783,86.7423722743988,2.8994319600175884,brute,30,7,1,distance
0.9978011835642036,0.0007696216355034608,40.968897535868976,14.339782718108795,2.2904073132985148,0.15292925738614993,2.1020607948303223,0.11095723157214753,95.8342339038849,2.670624346385688,ball_tree,50,4,1,distance
0.9977991211509635,0.0006963263037258399,41.00732493496445,12.974125772596166,2.4708899059004326,0.13471770167701852,2.2115240573883055,0.14484835729755652,143.77149453163148,1.879795534986479,kd_tree,10,4,1,uniform
0.9977961022547924,0.0009735580580060997,41.06357376314497,18.139577126284223,2.281835072725997,0.1669911779734432,2.002216601371765,0.11507948805335869,88.03314170837402,6.354616154234713,kd_tree,70,4,1,distance
0.9977710663107713,0.0005661025104054678,41.530049731130866,10.54776349950221,2.95154099263011,0.15888328633474583,1.9688084125518799,0.05990652358016365,120.77194724082946,1.439136210132286,kd_tree,50,12,1,distance
0.9977709894241987,0.0005649071576863748,41.53148230097491,10.525491388802482,2.9518017286085536,0.15830075168287483,2.0598767518997194,0.14097657700270982,110.03735632896424,7.35946620311686,ball_tree,30,12,1,distance
0.9977665534008006,0.0005284041562991057,41.61413539793648,9.84535834120395,2.987079158933377,0.16085394816425805,2.2266101121902464,0.16948291287413222,104.93714790344238,3.355057893289051,kd_tree,70,7,1,uniform
0.997763290887835,0.0005367510854770584,41.67492335513469,10.000880412380214,2.9536775868788427,0.1563382582687967,2.3411045551300047,0.1269947663809308,196.72478847503663,3.670711145881506,kd_tree,10,12,1,distance
0.9977608903350663,0.0009083394565817085,41.71965105446171,16.92440783989422,2.1828433901289346,0.16074647606418743,2.3146840572357177,0.2648159782188148,103.8231065750122,6.541556291938774,ball_tree,70,3,1,distance
0.997757324612013,0.0009027981578992937,41.78608849782108,16.82116097751902,2.6506559297674155,0.17016746596268226,2.5529486417770384,0.27179116532145375,109.07450833320618,3.3342341164763014,kd_tree,50,5,1,uniform
0.9977459583492457,0.0006260609247515331,41.997867547267006,11.664923665201545,2.650992500964946,0.14095291076255947,2.101965832710266,0.15250100401439093,153.86904203891754,1.0772183110037712,kd_tree,10,5,1,uniform
0.9977439818342381,0.0007990890529668264,42.03469446902032,14.888827007141629,2.311126825479503,0.15785194967635086,2.2987165689468383,0.16227103072780696,104.16159079074859,4.840125916511562,ball_tree,30,3,1,uniform
0.9977405672810188,0.0006597190820577239,42.098315278237415,12.292050866669966,2.678446171911652,0.16101800597502122,0.43110904693603513,0.04887953391535181,87.22761943340302,2.8421598497462623,brute,50,8,1,distance
0.9977250990388233,0.0005419373726084414,42.386523433884825,10.097512610783633,2.8294189731675106,0.15014456194693865,0.5623644351959228,0.09647608794569698,122.06794798374176,8.33889291670012,brute,70,10,1,distance
0.9977081897243609,0.000490745180940223,42.70158200827527,9.143686897573513,3.1307335418260425,0.1603769552507477,2.097278380393982,0.20237903679593733,134.95570211410524,4.897908458064866,kd_tree,30,15,1,distance
0.9976867152249166,0.0007740112636220437,43.10170025054936,14.421571366622068,2.483909153591024,0.15050184558170887,2.1400060176849367,0.16666486168881364,93.91021976470947,1.7609365653387394,kd_tree,30,4,1,uniform
0.9976867152249166,0.0007740112636220437,43.10170025054936,14.421571366622068,2.483909153591024,0.15050184558170887,2.2420987367630003,0.20474778156179677,95.9040519952774,3.127826250173439,kd_tree,50,4,1,uniform
0.9976814235001359,0.0006643370524540348,43.20029698959423,12.378094045587074,3.13926502053749,0.17172905207046923,2.1589861869812013,0.1747418791453071,116.3638953924179,3.048720210656423,kd_tree,30,8,1,uniform
0.997677190271268,0.0009148929826957505,43.27917156816566,17.046514776832726,2.312839378487571,0.16382135447769447,2.0323075532913206,0.14470632150351484,85.93260474205017,5.838639766167902,kd_tree,70,3,1,uniform
0.997636633716039,0.00047233971884217123,44.03483144433557,8.80075172639698,3.138666699981983,0.15653449550211232,0.4189770221710205,0.09230036915300802,86.17402741909027,5.517711523457867,brute,10,15,1,distance
0.9976030526979835,0.0006166042616622817,44.66052136799582,11.48872475435733,3.142331297171778,0.1672882607027506,3.088017964363098,0.31689215413267124,186.612246799469,3.322117853799643,kd_tree,10,8,1,uniform
0.9975939369339564,0.0006258225027272826,44.830368562290516,11.660481326440006,3.0080676328644804,0.15582205427942694,0.5061414957046508,0.05560407902456181,82.09429788589478,1.7377680802063586,brute,30,7,1,uniform
0.9975819102914365,0.0004908740845977966,45.054451972378786,9.146088662747177,3.3688918820701668,0.1617587916233549,2.1707844495773316,0.17561722533743962,134.92276396751404,1.9640207464141661,kd_tree,50,20,1,distance
0.9975748177218863,0.0007858611890258224,45.18660250138229,14.64236213922687,2.1772213987823568,0.15445470204374445,0.44444639682769777,0.06576269065468215,81.51273918151855,3.609464921561988,brute,50,3,1,distance
0.997565726907759,0.0004962684982747316,45.35598482290653,9.246598726979139,3.3674017910822873,0.16116842651645563,2.193686866760254,0.14480183320190845,221.9925478696823,6.238801879253358,kd_tree,10,20,1,distance
0.9975636746488372,0.000548187837841577,45.394223024201814,10.213972841623473,3.398730160690398,0.1531255853757463,2.2024710178375244,0.09986882678286498,190.70122497081758,3.0335903306638166,kd_tree,10,10,1,uniform
0.9975354103935385,0.0005117460633720182,45.92084969499312,9.534980589263977,3.3778491582106867,0.16200352712008548,0.467244291305542,0.05544860325227064,84.6592425584793,5.358634274130213,brute,50,20,1,distance
0.9975280775430883,0.0005874478168588357,46.05747719779499,10.94547458566852,3.4006826336662495,0.15802234946958899,2.1805186033248902,0.16712531583682314,112.4917046070099,4.308419026410625,ball_tree,50,10,1,uniform
0.9974859113344695,0.0005324978878988663,46.84312853833212,9.921633771803615,3.0090559694536543,0.14506763589924437,0.47351534366607667,0.0756237769659135,4.573534369468689,0.29665404043396915,brute,70,5,2,distance
0.9974859113344695,0.0005324978878988663,46.84312853833212,9.921633771803615,3.0090559694536543,0.14506763589924437,0.5450618267059326,0.13658963134076074,4.94214608669281,0.341295158575596,brute,50,5,2,distance
0.9974846805021279,0.0007843445106082308,46.866061714225665,14.614103007780455,2.308924654778675,0.14801773186716094,0.4271803379058838,0.07338490824456162,92.94171042442322,5.233967258251549,brute,70,3,1,uniform
0.9974846805021279,0.0007843445106082308,46.866061714225665,14.614103007780455,2.308924654778675,0.14801773186716094,0.45736916065216066,0.06278274790522856,96.57643523216248,4.951897634663851,brute,50,3,1,uniform
0.997477155431763,0.0004508081098394574,47.0062707065335,8.399569404555779,2.8662339616310764,0.12774177431246714,0.4524064302444458,0.05564452190943875,4.693112850189209,0.35383068408199503,brute,10,4,2,distance
0.9974500615935237,0.0005565792655763975,47.51108987406827,10.37032402103603,3.4031419054576317,0.15828343191183314,1.9590497970581056,0.08763316670872592,104.69103081226349,5.3676119564182425,ball_tree,70,10,1,uniform
0.9973903703847016,0.0005872432083205465,48.62327139964567,10.941662268230612,3.6179884292416795,0.16911155986620724,2.149506711959839,0.18876742775440197,115.96484212875366,5.231622301900957,ball_tree,30,12,1,uniform
0.9973897534410734,0.0005898675495416985,48.63476644756019,10.990559649948262,3.6185006324652935,0.17133727053116257,2.0461560487747192,0.10508736940170033,123.13162174224854,1.854462095273802,kd_tree,50,12,1,uniform
0.997389225037598,0.0004932021677875293,48.644611793215724,9.189466090759,3.161048936749793,0.15366045124894756,0.4434267520904541,0.07588939285005004,4.665643239021302,0.239533724345828,brute,30,6,2,distance
0.997381201573004,0.0005627991792162485,48.794106991398195,10.486215006951845,3.2955639436466795,0.18482137850096866,1.998432493209839,0.17895901075511067,99.96650702953339,5.126270758995147,ball_tree,70,7,2,distance
0.9973810061592997,0.0005562260722742148,48.79774798838772,10.363743235131713,3.619410816603617,0.1635583657279699,2.253436040878296,0.13464118667107142,112.28245737552643,2.9535313693574365,ball_tree,10,12,1,uniform
0.9973704613595803,0.0005363484025921044,48.994221332958595,9.993377524197056,3.619718843730983,0.1624704978005747,1.9329347610473633,0.1272357920539495,110.535196018219,2.668127720496997,kd_tree,70,12,1,uniform
0.9973684756887524,0.0005355764148686705,49.03121884823988,9.97899365593648,3.621199527613679,0.16246312764701507,2.080935168266296,0.14421672684320627,111.16376183032989,5.499958527262793,ball_tree,70,12,1,uniform
0.9973637820991409,0.0007530482724469774,49.11867098328259,14.03098367430008,2.742395298591774,0.1578074063929108,2.3118866205215456,0.17251998412794,45.399252033233644,0.9970372502918617,kd_tree,30,3,2,distance
0.9973549483006762,0.0006543696966182511,49.283264524727095,12.192379779815363,3.170904759818495,0.18165896074002394,1.9502665996551514,0.16155760360087443,92.96519865989686,2.549700347243503,ball_tree,70,6,2,distance
0.99734362028485,0.00045267861175204196,49.494330947602286,8.434421063817165,3.1075468985254315,0.12919337058362976,0.4135243892669678,0.06543867041683404,4.369695448875428,0.1319333256396253,brute,30,4,2,uniform
0.9973419916785363,0.0004980117082624688,49.52467554758941,9.279078651273673,3.290375853502208,0.16253637087467085,0.4026244401931763,0.06122846388341703,4.5177870988845825,0.44949197435122423,brute,10,7,2,distance
0.9973372989763962,0.0005342732742572567,49.61211114703905,9.954713214280076,3.2947167482564907,0.1820953449075528,2.1874245166778565,0.09071591273166796,99.39053657054902,2.5418922715480075,ball_tree,10,7,2,distance
0.9973252231320692,0.0006839840409026258,49.83711129750458,12.744161646108191,3.402939316988049,0.18594753360986485,2.2451781272888183,0.1974371134325789,100.67282881736756,5.848598126147942,ball_tree,50,8,2,distance
0.9973250900736239,0.000684408683862547,49.83959047571941,12.752073699898535,3.403038899285547,0.1860750306491735,2.082953691482544,0.09668699294658914,51.242246866226196,0.8101273967556345,kd_tree,30,8,2,distance
0.9973145182068753,0.0007686057319578069,50.03656813994737,14.320854149270836,2.89391270875552,0.1655692734207435,2.574788761138916,0.28527991337309083,52.79751241207123,2.5422779126214228,kd_tree,50,4,2,distance
0.9973123430941871,0.0005345669218385207,50.07709538333334,9.960184529425867,3.335939230227976,0.15458118735399615,0.5108626842498779,0.09283574905011956,5.573703408241272,0.42410126801023296,brute,50,5,2,uniform
0.9973034491216424,0.0009944071448763378,50.24281010327634,18.528042525122448,2.8860705654083443,0.1845112252603183,2.2546322345733643,0.19272534391323032,43.43396182060242,1.740443312838357,kd_tree,70,4,2,distance
0.997300742744174,0.0005821280744677897,50.29323600486684,10.846355815502609,3.749758432809634,0.19049462625800292,2.165504240989685,0.2003893006588444,119.47321267127991,6.307645297075188,ball_tree,50,30,1,distance
0.9972991464000334,0.0008631913371177219,50.32297948797997,16.08319679101173,3.022970420577323,0.18920271224898066,1.8673005819320678,0.0791688756887419,41.39786427021026,1.2384508874999975,kd_tree,70,5,2,distance
0.9972989276085525,0.000863560133509713,50.32705606554966,16.090068297586843,3.023352719287024,0.18949140819404692,2.0624908924102785,0.21480959954886067,98.0606576681137,3.616704399830264,ball_tree,70,5,2,distance
0.9972922728921639,0.0008801598890606732,50.4510484049788,16.399359092950224,2.7437834168832125,0.16408288817435268,2.078357481956482,0.16319248429606364,38.88778119087219,1.6894420481210035,kd_tree,70,3,2,distance
0.9972865435065782,0.0005643742354863887,50.55779974955817,10.515561849140877,3.7507111107856153,0.18548156106755934,2.2892733097076414,0.1623966304180777,235.96283054351807,2.2711376343879293,kd_tree,10,30,1,distance
0.9972784228180378,0.000483485432365172,50.709106448615806,9.00842144718611,3.393339064519585,0.1490663751875187,0.49861679077148435,0.04890379748009061,4.878139185905456,0.3443094232285054,brute,10,8,2,distance
0.9972684602374248,0.0005883107687250985,50.89473174124155,10.961553320578432,3.7512685018482625,0.18963824810523283,1.845421266555786,0.0820332475039034,119.98122715950012,3.2303724972571812,kd_tree,70,30,1,distance
0.9972682654364222,0.0009998906561558389,50.89836132222221,18.630212678159573,3.180867013844255,0.19948865956017206,2.4732854843139647,0.3250362852477154,114.7451114654541,5.199509661736462,ball_tree,50,6,2,distance
0.997267303822233,0.0007672616808019024,50.91627835819824,14.295811452121873,2.9047327191408843,0.16154673608934303,2.1213035106658937,0.09886730599352374,91.7531302690506,2.791851316866618,ball_tree,30,3,2,uniform
0.9972659425821936,0.0006100084361736663,50.94164132292291,11.365829684896587,3.404309744163312,0.18060979497018975,1.962592101097107,0.09489892386227076,45.38941378593445,1.4110840290192848,kd_tree,70,8,2,distance
0.9972657249636222,0.0006101784599896257,50.94569604654842,11.368997611141888,3.4045404032842863,0.18087143058158403,2.0405805349349975,0.14125378642851963,95.84622204303741,2.5296397257872876,ball_tree,70,8,2,distance
0.9972639284081445,0.0007743055575205529,50.97916991734744,14.427054724112649,2.9069493049783643,0.16465717861668602,2.0459900856018067,0.18022297288559855,45.55638720989227,2.2015239332127194,kd_tree,30,3,2,uniform
0.9972639284081445,0.0007743055575205529,50.97916991734744,14.427054724112649,2.9069493049783643,0.16465717861668602,2.0780346393585205,0.09396848211077628,46.337352705001834,3.541896998943501,kd_tree,50,3,2,uniform
0.9972566290262695,0.000532345793207858,51.115173825287464,9.918799905497487,3.5824479845763313,0.1897512140193825,2.295719575881958,0.1349657003746733,89.48890039920806,1.4313488392855902,kd_tree,10,10,2,distance
0.99725162790845,0.0009447106445202064,51.208355902783175,17.602084906362315,3.306509531659552,0.20534944375534625,2.350893568992615,0.21890291458577346,52.82901084423065,1.4706640148236396,kd_tree,50,7,2,distance
0.9972452344910272,0.0006132300948458928,51.32747965456149,11.425856434692118,3.7577577160534332,0.1897357929902217,0.38482420444488524,0.09934451800327297,85.25334491729737,5.31285313581748,brute,10,30,1,distance
0.9972452344910272,0.0006132300948458928,51.32747965456149,11.425856434692118,3.7577577160534332,0.1897357929902217,0.48103795051574705,0.08545182226538227,87.08906362056732,3.984134136618767,brute,70,30,1,distance
0.9972328848586124,0.0009193762139180611,51.557581093118905,17.130047461774932,3.353946003622729,0.2025499806265298,2.003390169143677,0.05120838061297286,90.72657701969146,2.969967536493349,ball_tree,50,5,2,uniform
0.997208789348498,0.0005962258383407331,52.006534661448256,11.10902887642368,3.5872757771987622,0.19542462144078016,2.1336690187454224,0.18097886543092292,100.66789398193359,4.624998437597705,ball_tree,50,10,2,distance
0.9972085102920545,0.0005968309327594277,52.01173411086461,11.120303146906977,3.5872424206451496,0.19542812483231284,2.0137229204177856,0.13199391023069149,52.517181515693665,0.8747572564901163,kd_tree,30,10,2,distance
0.997204449690552,0.00044299643804989125,52.08739225321421,8.25402038285495,3.2332373526826172,0.16301698235645748,0.424581241607666,0.08916370219743322,3357.490811109543,10.956069348040417,brute,70,4,3,distance
0.997204449690552,0.00044299643804989125,52.08739225321421,8.25402038285495,3.2332373526826172,0.16301698235645748,0.4506653308868408,0.06836959611315314,3317.9919246196746,7.458380397577035,brute,50,4,3,distance
0.9971791365659453,0.0005036633106967356,52.55903271916522,9.384380720728991,3.885065383216681,0.17949458823343592,0.3912304639816284,0.06708481669291101,86.29609806537628,3.4315809375777366,brute,50,15,1,uniform
0.9971791365659453,0.0005036633106967356,52.55903271916522,9.384380720728991,3.885065383216681,0.17949458823343592,0.46514828205108644,0.06320445861476232,88.04034218788146,9.44555632553073,brute,70,15,1,uniform
0.9971776289729284,0.0007864497181903204,52.58712256915373,14.653327761751454,3.1371964012561535,0.16922126750977096,2.103787088394165,0.11683099946122949,95.1786146402359,5.7208606083455535,ball_tree,30,4,2,uniform
0.9971665079680189,0.001014236724195564,52.794331912881034,18.89751220439293,3.1290575605352218,0.19023725496446198,2.067827248573303,0.14518151339060223,96.06442966461182,2.7491468065865994,ball_tree,70,4,2,uniform
0.9971644536005478,0.0004962137894517989,52.83260940119062,9.245579378513261,3.561478995318288,0.16742181779137047,0.4095163106918335,0.05752608887874072,4.38982322216034,0.20450673125887495,brute,50,6,2,uniform
0.9971644536005478,0.0004962137894517989,52.83260940119062,9.245579378513261,3.561478995318288,0.16742181779137047,0.46086549758911133,0.11515982347725773,4.781842303276062,0.7150482460352574,brute,10,6,2,uniform
0.9971644536005478,0.0004962137894517989,52.83260940119062,9.245579378513261,3.561478995318288,0.16742181779137047,0.48630433082580565,0.11400137349953746,5.274329710006714,0.5244976539758428,brute,70,6,2,uniform
0.9971533200349328,0.0006540325470025908,53.040052779121055,12.186097923888862,3.2410656209384427,0.15971955107745694,15.750526523590088,0.26976846491220763,1897.233601474762,36.716785832360685,ball_tree,10,4,3,distance
0.9971478441407988,0.00044654332052855914,53.14208100760175,8.320106783917506,3.581479329820396,0.16903603290523075,0.4447302341461182,0.06801047421268441,4.680160760879517,0.29325813396908823,brute,70,10,2,distance
0.9971282617445034,0.0006668792370727436,53.50694511097525,12.425460664949169,3.572436617888943,0.19534381215824592,2.416464161872864,0.25683302502924527,101.15519635677337,2.573226251277315,ball_tree,70,6,2,uniform
0.9971059233790182,0.0007701334425693731,53.92315912128755,14.349318835313042,2.73777179328157,0.14459783151531364,0.46478121280670165,0.08645388187780836,4.218264365196228,0.2895162917221571,brute,70,3,2,distance
0.9971001971558683,0.000494758846708042,54.02985154257384,9.21847052157582,3.756794905227543,0.1901077072347702,0.4386486291885376,0.07098284773841669,4.780220651626587,0.29827298239800054,brute,70,12,2,distance
0.9971001971558683,0.000494758846708042,54.02985154257384,9.21847052157582,3.756794905227543,0.1901077072347702,0.4428568363189697,0.10722584945455695,4.647907853126526,0.22956923842481733,brute,10,12,2,distance
0.9970710187546595,0.0005402715687757071,54.57351080849505,10.066474937321606,3.7636782360699224,0.19420478209006303,2.3428764820098875,0.26730651691606333,94.08416743278504,1.550181299333427,kd_tree,10,12,2,distance
0.9970625406987236,0.0004970178238555323,54.73147606620516,9.26056034853217,3.571303066987002,0.18024883885607687,0.4132869005203247,0.07385748011498565,3362.981068086624,8.943740404936275,brute,30,5,4,distance
0.9970625406987236,0.0004970178238555323,54.73147606620516,9.26056034853217,3.571303066987002,0.18024883885607687,0.43258213996887207,0.11142374288509124,3345.0200110673904,5.709496480699464,brute,10,5,4,distance
0.9970623986675042,0.0005926048663742622,54.734122427393906,11.041562021502077,3.4180487765596648,0.1648879694488145,0.41109864711761473,0.0758478991873139,3327.276489448547,8.284775555313999,brute,10,5,3,distance
0.9970619601757527,0.0005539977632142797,54.74229251533278,10.32222482364896,3.7626261815220405,0.19626632102426872,2.2467471599578857,0.12278025076866442,85.25797562599182,1.1028908161370008,kd_tree,10,7,2,uniform
0.9970534585358094,0.0006280022590073469,54.900697196167,11.701095090389138,3.7644157463516508,0.20369614934664718,2.097681975364685,0.14946366862479293,95.12025947570801,2.2169444773479965,ball_tree,50,12,2,distance
0.9970531980107539,0.0006286609074643555,54.90555136413153,11.71336719310256,3.7643997753784584,0.2039947512824084,2.0095731258392333,0.13229426834658836,53.748493099212645,0.5689894619033647,kd_tree,50,12,2,distance
0.9970531980107539,0.0006286609074643555,54.90555136413153,11.71336719310256,3.7643997753784584,0.2039947512824084,2.226523184776306,0.14107570808678357,55.60763189792633,1.0287034818372245,kd_tree,30,12,2,distance
0.9970422401252935,0.0010127581701746776,55.10972142549829,18.86996341623703,3.5822201591433096,0.21406814370476063,2.0092031478881838,0.12979042363710694,49.426216340065004,0.9407857808579211,kd_tree,30,6,2,uniform
0.9970414596443729,0.0004529290603223296,55.12426354113461,8.439087484190221,3.527605672783291,0.17319992184604802,0.5036942005157471,0.08653516031290229,3330.3366712093352,8.878130943136526,brute,70,4,3,uniform
0.9970370650952814,0.00053095279396843,55.20614387844219,9.892845195418419,4.179477646302238,0.18105165947170196,2.0452549934387205,0.0892831862512316,131.20663647651674,1.5524032502272107,kd_tree,30,20,1,uniform
0.9970370650952814,0.00053095279396843,55.20614387844219,9.892845195418419,4.179477646302238,0.18105165947170196,2.1860796451568603,0.19998875625621007,134.0067086696625,3.737345570205847,kd_tree,50,20,1,uniform
0.9970301262665737,0.0005804948956550657,55.33542986963161,10.815926019568574,3.766827544893622,0.1985313833048738,2.4623099088668825,0.12831696680682675,105.76548666954041,6.184655590799914,ball_tree,70,12,2,distance
0.9970280967275168,0.000769002243137945,55.37324474872248,14.328242044706831,3.254235412001176,0.1900189312152436,13.843131160736084,0.2541177770500642,1714.9387558937074,32.95850738205765,ball_tree,50,4,3,distance
0.9970246707030507,0.0008934615494680877,55.437079293083286,16.647198955077307,3.080092154109948,0.1748980259678256,12.80028657913208,0.1850544448075025,1660.4692125320435,35.01754542020129,ball_tree,70,3,3,distance
0.9970217765252875,0.0008985863853677314,55.49100433671373,16.742686178767624,3.0821388881451264,0.17737450276312255,1.8828782081604003,0.0640302104099388,528.160436630249,6.04495846400618,kd_tree,70,3,3,distance
0.99701832904136,0.000541424447117731,55.55523871912016,10.087955654809083,4.176822679514985,0.1819275433185195,2.2891906261444093,0.1902760500290671,123.12217350006104,6.0232141498656295,ball_tree,10,20,1,uniform
0.9970118537449748,0.0006961395580703524,55.6758880601924,12.97064628085659,3.926255510372211,0.18796083834740393,2.0782751083374023,0.1370965732417473,51.86424207687378,1.6052627868393283,kd_tree,50,8,2,uniform
0.9970118537449748,0.0006961395580703524,55.6758880601924,12.97064628085659,3.926255510372211,0.18796083834740393,2.0820680618286134,0.0926115195213296,51.602785444259645,0.6606608940636414,kd_tree,30,8,2,uniform
0.9969997207105545,0.0006207638205628804,55.901953790769134,11.56622669568228,3.5515892528581983,0.1788483013760256,0.4659177541732788,0.043659188416964555,3313.855463528633,6.196957975829656,brute,70,6,3,distance
0.996999657951557,0.0005992371886848703,55.90312313210403,11.165137108873173,3.6939413067341103,0.19872410536830432,1.888142967224121,0.1259390570864259,595.1173263311387,5.012392691197209,kd_tree,70,7,3,distance
0.9969987590905469,0.0006983824677839052,55.91987093515731,13.0124367353662,3.552123115644825,0.1970434823523628,12.98068871498108,0.8619221500877476,1722.7941641807556,34.486949169154144,ball_tree,70,6,3,distance
0.9969969273370201,0.0007628848187145793,55.9540006248104,14.214260663494118,2.904974488955576,0.1414978849667923,0.46829915046691895,0.09714756797277192,3.8679277181625364,0.3512349291676158,brute,10,3,2,uniform
0.9969969273370201,0.0007628848187145793,55.9540006248104,14.214260663494118,2.904974488955576,0.1414978849667923,0.49729189872741697,0.06222255932495061,4.499145579338074,0.2757110103861893,brute,50,3,2,uniform
0.9969889130959125,0.000544052472755586,56.10332396868467,10.136921685500253,4.189345458065106,0.18149217403432405,0.4226793050765991,0.05320219137941376,82.62112998962402,1.709427509858881,brute,50,20,1,uniform
0.9969889130959125,0.000544052472755586,56.10332396868467,10.136921685500253,4.189345458065106,0.18149217403432405,0.45883331298828123,0.08275979445472226,93.76748831272126,8.138830633137177,brute,10,20,1,uniform
0.996982303692952,0.0007958542866374649,56.226472016993604,14.828556032200733,3.2805540433731837,0.1822620431457803,1.9206231117248536,0.08903370590036869,485.08917071819303,5.585761013531916,kd_tree,30,3,3,uniform
0.9969822761573188,0.0004898991264520255,56.22698506779541,9.127922998836102,3.7118414746268598,0.181415938062688,0.319504976272583,0.05912843435478297,3338.9034861326218,11.139869995822696,brute,50,4,4,uniform
0.9969822761573188,0.0004898991264520255,56.22698506779541,9.127922998836102,3.7118414746268598,0.181415938062688,0.45059952735900877,0.05698943104879947,3351.7861723184587,10.593838195821697,brute,30,4,4,uniform
0.9969818921369329,0.0004689364851727677,56.23414023163438,8.737341825860003,3.491209747420977,0.15716869466134542,0.41535372734069825,0.0598754928461355,3329.5628794193267,9.418817441301144,brute,30,4,5,distance
0.9969771702345993,0.0009663722493254204,56.322119896384386,18.005689342493678,3.7738272477253156,0.22246542113273968,1.946993899345398,0.1071552250975613,48.90486450195313,0.6907502298803057,kd_tree,50,7,2,uniform
0.9969560361806463,0.0005597973436867181,56.7158948731535,10.430284056906942,3.692884875532652,0.19498079548760866,15.857610273361207,0.22394053940087155,1960.3810605764388,41.50016760168636,ball_tree,10,7,3,distance
0.996955731156432,0.0009038918312312443,56.721578160570346,16.84153857245831,3.4133557528977283,0.20795600394745653,12.934747123718262,0.2160958607985972,1714.5790008544923,34.899169411295766,ball_tree,70,5,3,distance
0.9969480066472126,0.0007192771846083173,56.86550314747372,13.401752322918572,3.2449037499358333,0.1601831171970951,2.321974992752075,0.21692363397514156,314.63694648742677,2.8710005128510203,kd_tree,10,3,4,distance
0.9969433939797497,0.0005663641037653964,56.95144752080954,10.552637572382748,3.984715381346113,0.20768269430945774,0.43927550315856934,0.12480487763357632,4.428791093826294,0.3233073006981509,brute,50,15,2,distance
0.9969433939797497,0.0005663641037653964,56.95144752080954,10.552637572382748,3.984715381346113,0.20768269430945774,0.475280237197876,0.11077148174717312,5.468255186080933,0.5490607568410544,brute,10,15,2,distance
0.9969126044516914,0.001032176428258463,57.52512570497382,19.231769255418715,3.5620078380328253,0.21412749887150523,14.238753008842469,0.26980064888290445,1761.1000967741013,39.30468206459688,ball_tree,30,6,3,distance
0.9969058573781763,0.0005355951268621807,57.65083886547611,9.979342302478452,3.653347417160469,0.1699175291204603,0.4256141662597656,0.03143513539504877,3318.327320623398,5.066808792127038,brute,70,5,5,distance
0.9969003411772599,0.0006912988335413334,57.75361810000269,12.880452691250548,3.704273713765919,0.19306836768102922,0.3702402114868164,0.03779652482107395,3322.3168878793717,11.124360883895635,brute,10,7,3,distance
0.9969003411772599,0.0006912988335413334,57.75361810000269,12.880452691250548,3.704273713765919,0.19306836768102922,0.4205282688140869,0.07227785098596623,3322.5436449289323,7.881965785184265,brute,70,7,3,distance
0.9968975707380806,0.0005996987728097679,57.805237615397736,11.173737459684615,3.992525912791572,0.20897182492258745,2.408004546165466,0.20267690130715332,103.92611770629883,3.6015073759575844,ball_tree,50,15,2,distance
0.9968755827619147,0.0005394385033770619,58.21492308431489,10.050953054546781,4.179291587260885,0.18983457016279245,2.1785637855529787,0.09375552208054763,101.63785016536713,2.5727615797045797,ball_tree,10,10,2,uniform
0.9968750678349012,0.0007196044175498673,58.224517333161025,13.407849408893918,3.3090329330249557,0.1559385670284688,2.343615937232971,0.22214824160205687,309.1828626394272,4.029389337192227,kd_tree,10,3,5,distance
0.9968717959848767,0.0007621018868989861,58.285479260777386,14.199672882173417,3.2544905394403,0.1730074573751243,13.696798610687257,0.1412205542514137,1369.4593052864075,23.07086479791725,ball_tree,50,3,4,distance
0.9968708990088921,0.000975663301024803,58.3021919415683,18.178802540519282,3.704506549792715,0.21951577749545223,14.01359474658966,0.5506938169134453,1756.4993552684784,36.60020771726646,ball_tree,30,7,3,distance
0.996869913665823,0.0009781227611232307,58.3205510999673,18.224627815938252,3.704882976653345,0.22022338915726736,1.9050493001937867,0.049187182452881305,557.3023036241532,9.212868649197363,kd_tree,30,7,3,distance
0.996864192345897,0.0007936246525673144,58.42715216316036,14.787012932797268,3.5485657558490753,0.2035840807980451,1.9796512603759766,0.16037086650853186,510.67527210712433,6.416906176424925,kd_tree,30,4,3,uniform
0.996864192345897,0.0007936246525673144,58.42715216316036,14.787012932797268,3.5485657558490753,0.2035840807980451,2.1021468877792358,0.2404271289468113,511.88295819759367,7.977047234197696,kd_tree,50,4,3,uniform
0.9968558529633494,0.0006446144060624098,58.58253362363184,12.010616767356186,3.824436385452982,0.20549910267147736,18.7488196849823,0.44131220660973824,1968.5832993984222,40.40718852917646,ball_tree,10,8,3,distance
0.996855092623517,0.0006462790246126097,58.59670046547599,12.041632356338146,3.824465178218333,0.2056706754869049,2.2387566804885863,0.19609782631613887,447.38492224216463,5.7324913173743335,kd_tree,10,8,3,distance
0.9968544387275974,0.0010376670642278135,58.60888401772287,19.334072157458916,3.540172229681331,0.2270980144802349,12.61117618083954,0.1749250707967764,1679.6901407241821,34.9716402704784,ball_tree,70,4,3,uniform
0.9968532681003728,0.0010400303806068177,58.63069543682801,19.378106059061484,3.5406753702876874,0.22787967877201087,1.9134751319885255,0.11173701280313979,552.4860771417618,4.629562717066172,kd_tree,70,4,3,uniform
0.996848609246375,0.0006610815781696335,58.71750036923027,12.3174372348508,3.8249572720901743,0.20770891858279011,2.062736701965332,0.27661939903837807,608.4307214021683,6.354782932195289,kd_tree,70,8,3,distance
0.9968448679139478,0.0009681818258342292,58.78720981034553,18.039405824399147,3.5994121012178986,0.2169822456924189,1.937463355064392,0.06700469429758141,441.35682089328765,4.231361457135382,kd_tree,30,5,4,distance
0.9968448679139478,0.0009681818258342292,58.78720981034553,18.039405824399147,3.5994121012178986,0.2169822456924189,2.012669062614441,0.09407635230393353,442.2059503555298,5.527695426474134,kd_tree,50,5,4,distance
0.9968354527927858,0.0007668873893614005,58.96263470161632,14.288837560429338,3.076096888753146,0.15026037802847866,0.4070521354675293,0.042631751667354355,3328.0015627622606,5.273314130605507,brute,30,3,3,distance
0.9968323586929648,0.000650898651870761,59.02028474300392,12.127706406318785,3.498349481024958,0.15591458184357418,16.2746431350708,1.9172736290945775,1384.7597933530808,37.05433960781048,ball_tree,10,4,5,distance
0.9968321841434097,0.0005969467065586296,59.023536993953826,11.122460273276522,3.8298333046968005,0.1925680443043863,0.4196227788925171,0.05778151693884355,3343.893245410919,12.432745078565507,brute,30,8,3,distance
0.9968321841434097,0.0005969467065586296,59.023536993953826,11.122460273276522,3.8298333046968005,0.1925680443043863,0.42574300765991213,0.06580470288160475,3323.4919677734374,7.384208622966428,brute,10,8,3,distance
0.996831300183468,0.00065187030999692,59.0400071565815,12.14581058344066,3.4992466587657147,0.15640363174642924,2.174800252914429,0.10599416556948373,338.8893187046051,4.7534456994652485,kd_tree,10,4,5,distance
0.9968268120580448,0.0006054819686641511,59.1236310314937,11.281491410642612,4.185067898986771,0.19717592940471917,2.2278106689453123,0.09585035465000516,98.82354683876038,4.916864241170878,ball_tree,30,10,2,uniform
0.9968188230571617,0.0007186278079721437,59.27248409319557,13.389652975088989,3.466818074739691,0.16637794574082493,2.191514086723328,0.12245596578603699,314.98365750312803,3.1620902014341277,kd_tree,10,3,4,uniform
0.9968014401463475,0.0006389823927659917,59.59636683321515,11.905679687614057,4.279827461253478,0.18911257439980628,2.1512060165405273,0.23831401053661708,126.75173003673554,7.786045127813645,ball_tree,70,50,1,distance
0.9968010943070219,0.0006347011751069416,59.60281059799141,11.825910969886312,4.280660769987396,0.18840164279173763,2.125525879859924,0.1152705961695151,152.5600551366806,2.6817908228892526,kd_tree,50,50,1,distance
0.9967995028850327,0.0005153883955456128,59.63246237034785,9.602845432904838,3.815509876816642,0.1713152900021911,0.4112421989440918,0.06003888608055448,3320.2929475545884,5.584176680762472,brute,50,6,5,distance
0.9967995028850327,0.0005153883955456128,59.63246237034785,9.602845432904838,3.815509876816642,0.1713152900021911,0.45354042053222654,0.10460157369145213,3329.301496243477,15.795078409345484,brute,70,6,5,distance
0.9967983575266455,0.00048372838552215354,59.65380297415978,9.012948211144764,3.8886868701741175,0.18452361880474955,0.3950432062149048,0.054227720583884434,3337.704581570625,4.70832251061393,brute,10,7,4,distance
0.9967983575266455,0.00048372838552215354,59.65380297415978,9.012948211144764,3.8886868701741175,0.18452361880474955,0.4340237855911255,0.07652413003880076,3314.7340896368028,20.584480617123404,brute,30,7,4,distance
0.9967982192506514,0.0006402332036412073,59.65637936705093,11.928985108543712,4.281196859943767,0.1892528683665618,2.167376971244812,0.0983605203207511,117.4134506225586,6.271037667090121,ball_tree,50,50,1,distance
0.9967982192506514,0.0006402332036412073,59.65637936705093,11.928985108543712,4.281196859943767,0.1892528683665618,2.318668580055237,0.18593499430294663,128.4602278470993,6.184640444192283,ball_tree,30,50,1,distance
0.9967968595759356,0.0006529549480065297,59.681713166275124,12.166019829994974,4.2808952176692765,0.19095958384809114,2.2727359533309937,0.11565131818046058,121.61611154079438,4.404233592105362,ball_tree,10,50,1,distance
0.9967872739270242,0.0004904193029189748,59.8603153732031,9.137615056811747,3.8088136221689832,0.16731727249487113,0.4388105392456055,0.03936241475189199,3331.2476468086243,7.198721623180079,brute,10,4,5,uniform
0.9967820853033861,0.0010167964739962027,59.95699110598498,18.945206102615725,3.4371919600790135,0.21373251601437074,1.9643431425094604,0.1013861311874445,462.47168548107146,4.395138559006228,kd_tree,70,4,4,distance
0.9967656292512235,0.00046168814753170444,60.26360438388988,8.602288986847757,4.1793408352559025,0.17047004969489027,0.5332633972167968,0.1451190178023065,5.015894913673401,0.3609049553544542,brute,50,10,2,uniform
0.996754919601522,0.0009756212166449869,60.4631492545418,18.17801841383327,3.6682404498277026,0.22069630738735452,14.313185858726502,1.8862399097230913,1250.6632902622223,35.03098061278634,ball_tree,30,5,5,distance
0.9967454215962245,0.0005785384191015964,60.64011846374908,10.77947245930496,4.186977081722657,0.19612791006598163,2.024475264549255,0.22638044789611386,99.36711339950561,3.7013921834059604,ball_tree,70,10,2,uniform
0.9967395204594462,0.0006256425389100801,60.75006991948187,11.65712819560739,3.9051672615464326,0.20703902181808437,2.2144682884216307,0.2726992297329632,485.05172953605654,3.4832589608600104,kd_tree,70,7,4,distance
0.9967326666006858,0.0007194159893962525,60.877772729369354,13.404338568427828,3.537422917611896,0.16465278837899622,2.162447452545166,0.14234409870875447,320.5921398162842,5.390653933052707,kd_tree,10,3,5,uniform
0.9967324501320568,0.0006536902090767227,60.88180602698373,12.179719398069096,3.746884956173875,0.1634704564660775,2.1094829559326174,0.1026810199888983,337.2630695581436,4.116694432904608,kd_tree,10,4,4,uniform
0.99672744075929,0.0009061415742412861,60.9751419127204,16.883456346657006,3.3200636464313154,0.179023360044984,13.639501333236694,1.9282468327428641,1213.6768281936645,30.71457615182293,ball_tree,70,3,5,distance
0.9967245917066396,0.000509511635582683,61.028226173962686,9.493348172086131,3.7630264189442966,0.1773988762993237,2.2467651844024656,0.240254132100709,364.433912730217,4.885649631186427,kd_tree,10,6,4,distance
0.9967245802268137,0.0005100670241518425,61.02844006895347,9.503696310752854,3.7631478033105097,0.17763433727047512,15.766328048706054,0.2092011103624405,1561.391892004013,25.347865641236446,ball_tree,10,6,4,distance
0.9967164496020706,0.0007545441840170043,61.17993190182117,14.058855872651673,3.277501685416154,0.15186699972759315,0.4449347257614136,0.07957807931618298,3318.0862716674806,10.366680507289558,brute,70,3,3,uniform
0.9967057797556427,0.0007789260577215953,61.37873514792618,14.513145038982785,3.51271666812487,0.1923483496774649,2.1174758434295655,0.2925652473541447,433.80294535160067,6.783991463533852,kd_tree,30,4,5,distance
0.9966932255569014,0.0004929334392577369,61.612648117424996,9.184459073610254,4.002601446891741,0.1811686077857006,2.1865989446640013,0.12905448426439584,417.6784457683563,6.4811757489521655,kd_tree,10,6,3,uniform
0.9966714282003986,0.000625636274278996,62.018781913121956,11.65701147143444,4.198451103234823,0.20547748473067107,12.957033705711364,0.3279771369794901,1731.5588126659393,32.32665680996718,ball_tree,70,7,3,uniform
0.9966712734691652,0.0006254519023657617,62.02166490414813,11.653576207854078,4.19869669198719,0.20510462406494737,2.081019735336304,0.1738230426112694,597.6926279783249,5.347795228671096,kd_tree,70,7,3,uniform
0.9966654471512735,0.0007561609468675658,62.13022231568334,14.088979802273492,3.831344067375994,0.20904038301244016,13.210692882537842,1.8453173928025,1240.0267414808272,30.739105286012368,ball_tree,70,6,5,distance
0.9966614336881414,0.0008000635416026655,62.205002164126455,14.906983923026509,3.5456726266782326,0.18530418011633562,14.265274000167846,1.9702761972009597,1222.932146692276,31.431002590832936,ball_tree,50,3,5,uniform
0.9966611082899728,0.0010394602197839789,62.21106506415268,19.36748268007006,3.770078057661227,0.22016559376208647,1.8848533630371094,0.08727526087782256,450.4653727054596,5.109714213419291,kd_tree,30,6,4,distance
0.9966611082899728,0.0010394602197839789,62.21106506415268,19.36748268007006,3.770078057661227,0.22016559376208647,2.0756532907485963,0.24922552751186075,451.1274696111679,6.736451714006809,kd_tree,50,6,4,distance
0.9966580347407327,0.0005162350024982755,62.26833220198471,9.618619625298013,4.408756217858594,0.1946406729727649,0.49549434185028074,0.09876741816774942,4.813576936721802,0.3187685195525328,brute,50,12,2,uniform
0.9966580347407327,0.0005162350024982755,62.26833220198471,9.618619625298013,4.408756217858594,0.1946406729727649,0.5355409860610962,0.1302403520331854,5.498436999320984,0.7681381045289413,brute,70,12,2,uniform
0.9966527316888748,0.0006298329437792987,62.36713998996125,11.73520486673188,4.299223593541373,0.2191599846151853,2.0321709156036376,0.11328646576747048,59.443462419509885,1.0194062500520775,kd_tree,30,20,2,distance
0.9966522698910613,0.0005567570596380798,62.37574432227236,10.373636724441754,4.055747803035872,0.18415144172632894,0.42537450790405273,0.07465994597433787,3338.5857001066206,13.095373433447412,brute,50,5,5,uniform
0.9966479213313946,0.0006549077476518779,62.456767773123985,12.202404881186423,3.979543431821408,0.21438900771482802,1.936826729774475,0.11024738319893633,469.1168125629425,4.690689462796601,kd_tree,70,7,5,distance
0.9966432633934389,0.0005265278607502783,62.5435556375974,9.810398733465089,3.833842055640992,0.18180777474565984,17.08655228614807,1.8230448446615837,1412.7589246988296,35.69489276211944,ball_tree,10,6,5,distance
0.9966369319351105,0.0006707872931580724,62.66152495203854,12.498276542944108,4.042396255155142,0.23000246050271547,1.854422926902771,0.056153456010170556,619.5090045928955,6.19050932974163,kd_tree,70,10,3,distance
0.9966368998022941,0.0006707806838491658,62.66212365870685,12.498153396648464,4.0425092630198085,0.23021792210956868,12.88389868736267,0.22696262423951724,1756.4212042331696,33.7195745534685,ball_tree,70,10,3,distance
0.9966317664280661,0.0007549241021077996,62.75776997066608,14.065934601497537,4.033924202806255,0.22164387515683548,1.9708978176116942,0.16412701192805254,460.8840069770813,7.492257288090191,kd_tree,50,8,4,distance
0.9966316664238071,0.000755346917098351,62.75963327502306,14.073812596105027,4.033948727882942,0.22180817586284288,13.790893840789796,0.2450412314789684,1405.2690784931183,24.76825688799044,ball_tree,50,8,4,distance
0.9966284795454156,0.001062738897651335,62.81901198993222,19.801216825764364,4.010034921182426,0.2315176527134296,13.755664181709289,0.20010859378252632,1754.0583696126937,36.8687954135385,ball_tree,30,6,3,uniform
0.9966269830123796,0.0005836844437484321,62.84689576759024,10.87535447703234,4.197847296939778,0.20101753759216856,16.472785353660583,0.29806471223609,1955.010938501358,39.386259208711415,ball_tree,10,7,3,uniform
0.9966249524769331,0.0006632697488095516,62.88472921166551,12.358207777256888,4.301508037841195,0.2226079112994813,0.43292105197906494,0.09129281571010918,5.032860493659973,0.5477769547788336,brute,30,20,2,distance
0.9966188619484594,0.0005631160413907926,62.99820946081867,10.492118862203567,4.201975348365494,0.1817341804049559,0.37279863357543946,0.04904312110484187,3341.264451980591,13.524343494599858,brute,30,6,4,uniform
0.9966186582360428,0.000584310317406349,63.00200508148905,10.887015911493881,3.9976699288119746,0.18601062074022984,15.779877591133118,0.25433384290664296,1560.9331101179123,30.998889054328846,ball_tree,10,5,4,uniform
0.9966165111806878,0.0006254001623044003,63.04200955362752,11.652612174095959,4.6407505326387986,0.20889734339571542,2.3356099843978884,0.1880606053835431,129.11882264614104,7.515715382753201,ball_tree,10,30,1,uniform
0.9966160858861034,0.0005838420803855279,63.049933748650105,10.878291602263472,4.110606936335953,0.2090565668512453,0.4537426710128784,0.06325033034527087,3346.794729065895,8.15787877962423,brute,50,8,5,distance
0.9966160858861034,0.0005838420803855279,63.049933748650105,10.878291602263472,4.110606936335953,0.2090565668512453,0.4575549602508545,0.060168219485045284,3315.5667583942413,9.668301895224598,brute,30,8,5,distance
0.9966113023713307,0.0007693539005518103,63.13906139177312,14.334794213557016,3.251825017231579,0.1552564532954171,0.3773809432983398,0.06181519439057552,3337.5098777532576,6.758187903109972,brute,70,3,4,distance
0.9966113023713307,0.0007693539005518103,63.13906139177312,14.334794213557016,3.251825017231579,0.1552564532954171,0.4355198383331299,0.07635352003230954,3334.6783521175385,12.540535017112365,brute,10,3,4,distance
0.9966113023713307,0.0007693539005518103,63.13906139177312,14.334794213557016,3.251825017231579,0.1552564532954171,0.43961167335510254,0.04140887787954423,3334.224214720726,11.934188600425554,brute,50,3,4,distance
0.9966094777350089,0.0009896140287168783,63.17305847188356,18.438735986560673,3.9162706104333673,0.2276298082485688,1.951283860206604,0.07507738311493052,458.2959279537201,7.776096720150259,kd_tree,50,7,4,distance
0.9966088933298114,0.0007996109516093188,63.18394725562141,14.898551153122554,3.759599912721065,0.20267796893373902,1.935917568206787,0.15249392756569297,430.78379104137423,4.945284489939916,kd_tree,30,4,4,uniform
0.996604723154679,0.0006100034187494608,63.26164700123221,11.365736198994902,3.978307876781334,0.2093603324889452,2.207692766189575,0.08744498971273322,369.1218495130539,4.945482315462395,kd_tree,10,7,5,distance
0.9966046265575967,0.0006100446563400847,63.26344682221889,11.366504548092177,3.9784758890212073,0.20960282624678725,17.021049213409423,1.8664446775628034,1423.8588103294373,34.095717675715285,ball_tree,10,7,5,distance
0.9965978130880627,0.001047915318540739,63.39039708994174,19.52502019388041,3.7519309142984736,0.22548192406219122,1.8216153144836427,0.05304497966488687,463.21433033943174,4.277631899709986,kd_tree,70,4,4,uniform
0.9965901227763837,0.0009393733142882945,63.533684899725145,17.502638435147393,3.5469726522343716,0.19401195530324103,13.076848864555359,1.830545018098606,1205.4861846208573,32.04523372388568,ball_tree,70,3,5,uniform
0.9965822608844076,0.0006415817635596478,63.68016963649557,11.954111814084635,4.648122526148331,0.21482827760955933,2.0055556774139403,0.13332316723894902,118.1525155544281,7.814425105037365,ball_tree,70,30,1,uniform
0.9965809964962171,0.001057596006663599,63.70372803335741,19.705393195157722,3.840359310656156,0.2241904844525592,14.38030984401703,1.9411605877073377,1259.8762836933136,30.221373216027462,ball_tree,50,6,5,distance
0.99657790501572,0.0006647915301439637,63.76132927085242,12.386561987524603,4.035305092615625,0.2142001936252284,2.170485758781433,0.14490517131822508,383.55303897857664,4.428240896984083,kd_tree,10,8,4,distance
0.9965731100024496,0.0006469317677068293,63.8506711568563,12.05379442885606,4.648465272376827,0.21140876443262366,0.4796496152877808,0.0758716657686094,85.25427844524384,4.616813101772297,brute,50,30,1,uniform
0.996571481299609,0.0006835687922384766,63.88101755535827,12.736424629185676,4.035886345211869,0.21666529781234045,13.021616983413697,0.3373242729303255,1383.9720752954483,17.766390810508792,ball_tree,70,8,4,distance
0.9965414826732081,0.0010113121103205733,64.43995946212101,18.843020067521078,4.209728681030119,0.23002991708559914,1.953735613822937,0.17316662021723322,559.6045787811279,6.182480523350644,kd_tree,30,7,3,uniform
0.9965397864133915,0.0007507965128266694,64.47156459908875,13.989028326114745,4.3721964238054065,0.21236366089597383,13.756920289993285,0.1959731589572884,1761.0469361066819,37.38027070674669,ball_tree,30,8,3,uniform
0.9965392738932217,0.0007517769075076206,64.4811140030192,14.007295284908727,4.372206311508635,0.21248811563597325,2.0739612102508547,0.23403279647341896,568.5549377202988,6.53984926765713,kd_tree,50,8,3,uniform
0.9965383433989146,0.0007487144265028315,64.4984512055721,13.950234373207598,3.315964805770667,0.14841292503098444,0.4857504844665527,0.1260778011966749,3303.122952723503,18.612006332463704,brute,30,3,5,distance
0.9965194849871092,0.0007711354889047688,64.84982584893527,14.367989213146096,4.116723297324712,0.23189875689799375,2.0365477085113524,0.11125066279944734,447.8653420686722,3.440965880341863,kd_tree,50,8,5,distance
0.9965179935071151,0.0010085044147274222,64.87761547705335,18.79070638130508,3.990621232069754,0.2350471673498747,2.0371483325958253,0.08900946668402154,443.62771956920625,4.7973016940993976,kd_tree,30,7,5,distance
0.996517824668167,0.0005919606194658427,64.88076132654551,11.029558252042266,4.067661203228487,0.19225176840090685,2.1399631023406984,0.05818568319207457,351.93988740444183,5.00201338789119,kd_tree,10,5,5,uniform
0.9965092247006208,0.0008178302290022731,65.04099807185784,15.23801728432744,3.830918161487717,0.2079048196681615,2.0125901222229006,0.06148136782765761,424.5274834394455,4.034370235776221,kd_tree,30,4,5,uniform
0.9964994619070003,0.001067677675920157,65.22290088329362,19.893237377163597,3.8223277124037534,0.23042575418810476,13.410675930976868,1.8852192913160395,1226.5470435857774,30.98933150659373,ball_tree,70,4,5,uniform
0.9964983720723075,0.0007378407281377574,65.24320695574716,13.74763290684498,4.251872355942528,0.23428796245184064,13.911658263206482,0.18361552413810048,1783.0252907276154,35.10349425315678,ball_tree,30,12,3,distance
0.9964983679913003,0.0010698486281537991,65.24328299409181,19.933687101918192,3.8229822212896702,0.231016697292282,2.046199345588684,0.22053181333827268,453.4990946292877,5.534678015606947,kd_tree,70,4,5,uniform
0.996498124923831,0.0007380353512890344,65.24781188794967,13.75125917405462,4.252003878364325,0.23408332559240894,1.9883699417114258,0.09562369516654111,596.3057595968246,5.699968114622361,kd_tree,30,12,3,distance
0.9964822757381716,0.0005280090624499945,65.54311787744888,9.837996853834305,4.284675659862365,0.17523197664263834,0.4254457473754883,0.07475290439116346,3324.541336250305,10.281122964778335,brute,50,6,5,uniform
0.9964787668149914,0.0005106461932685477,65.60849701137549,9.514487534527849,4.26272656117148,0.20189731898093988,0.40116467475891116,0.07607039918340054,2858.323342633247,41.019216515746876,brute,70,10,4,distance
0.9964785810204327,0.0007587113628503863,65.61195878204065,14.13649979046936,3.474105707026902,0.15597927058145977,0.4300831317901611,0.04734777134475543,3345.9218327760696,6.631138705555918,brute,70,3,4,uniform
0.9964750990968335,0.0006937035706166861,65.67683485302457,12.925258353622114,4.254271921007544,0.23023860705079008,14.120633316040038,0.39035209914911784,1760.194160914421,33.2665373285658,ball_tree,70,12,3,distance
0.9964593083775896,0.0007045236308213322,65.97105148165794,13.126860420370624,4.1187611000892925,0.22695870676975777,13.373042845726014,1.941731209631032,1245.9843521356584,31.80262977338632,ball_tree,70,8,5,distance
0.996444565557783,0.0004919742423121414,66.24574338599733,9.16658707631993,4.413754594774179,0.18339804337630478,0.434915566444397,0.08255008509773963,3333.31050362587,11.982776561081147,brute,30,7,4,uniform
0.996444565557783,0.0004919742423121414,66.24574338599733,9.16658707631993,4.413754594774179,0.18339804337630478,0.868346881866455,0.24401004581045352,3347.9126810789107,6.981614583483941,brute,70,7,4,uniform
0.9964325454615798,0.000595456295225893,66.46970482348107,11.094690556723428,4.683565376758618,0.21672816481628848,0.46257681846618653,0.0820067133135697,5.009844279289245,0.34998349678841223,brute,70,15,2,uniform
0.9964319660986032,0.0006221836810645888,66.48049965930093,11.592681891516566,4.27859775365094,0.2242737784051321,15.86705493927002,0.2816852065809227,1594.0983733654023,30.799109742742623,ball_tree,10,10,4,distance
0.996420864594676,0.0005191039830896503,66.6873456558477,9.672075188922241,4.233379280429781,0.18308494876411505,16.748702383041383,0.3255250882903042,1571.1827101230622,31.527544737160525,ball_tree,10,6,4,uniform
0.9963914281170997,0.0006047576882964951,67.2358134651692,11.267996437762369,4.360286803068289,0.22521490677480585,0.4372569561004639,0.04800912580317879,3312.590262079239,12.79461293116034,brute,10,10,5,distance
0.9963839167679253,0.0006925904018137027,67.37576680082731,12.904517514192612,4.283508004357578,0.23004656443453744,14.37583429813385,1.2452830487500057,1423.552555680275,25.17208172489129,ball_tree,30,10,4,distance
0.9963787470441965,0.0006260271410850096,67.4720903857699,11.664294199480969,4.6941669710246545,0.21727195531308274,1.9529216766357422,0.15220852551664119,54.3356273651123,1.27376193579238,kd_tree,50,15,2,uniform
0.9963662185108743,0.0005544511629896716,67.70552515076373,10.3306726816137,4.49506812441604,0.19339569536987322,0.4434773921966553,0.04645230209046654,3337.243070149422,7.265279077611014,brute,10,7,5,uniform
0.9963564467571805,0.0010636379505465686,67.88759490852335,19.817968204071494,4.240346621084558,0.2286837539597614,2.017175555229187,0.15099938071183938,452.8260162353516,4.598729341620992,kd_tree,50,6,4,uniform
0.9963564467571805,0.0010636379505465686,67.88759490852335,19.817968204071494,4.240346621084558,0.2286837539597614,2.1403084278106688,0.16678031049057465,449.6274249076843,5.297364475007593,kd_tree,30,6,4,uniform
0.9963379893474653,0.0005989977219347026,68.23149798068869,11.160675304517705,4.431296071106846,0.2024116857228325,2.14501793384552,0.11747976875336712,375.2012633323669,3.742436341303181,kd_tree,10,7,4,uniform
0.9963084502186443,0.0004729641051678725,68.78187841366231,8.812385448513735,4.577602476517347,0.1795116199640097,0.42533111572265625,0.07044414317421682,3336.159092378616,13.80974473971148,brute,30,8,4,uniform
0.9962872850932252,0.000671736113818832,69.17623232175235,12.515955206700841,4.499846280963573,0.2149347504015052,1.8421691179275512,0.0951806669084495,381.30748386383056,45.13989881643568,kd_tree,70,7,5,uniform
0.9962695725397466,0.0007020170731068275,69.50625704630708,13.080157610395256,4.664120106913358,0.23063079414967522,13.999067091941834,0.27601829341111717,1777.1177643537521,33.35681586488919,ball_tree,50,10,3,uniform
0.9962695587775472,0.0007015226483343552,69.50651346704487,13.07094536442791,4.66415286702149,0.23032919969420845,1.9909247636795044,0.17381993242624702,588.671422123909,7.653613659044737,kd_tree,50,10,3,uniform
0.9962644086291708,0.0010891433224976652,69.60247231913358,20.293190670607384,4.309502623441731,0.23511908247871702,14.396150684356689,1.7970617159115503,1263.557493519783,32.108915553784506,ball_tree,30,6,5,uniform
0.9962529087389143,0.0010093494508240234,69.81674114936358,18.80645130511554,4.443214769166147,0.2308836440023652,14.567377424240112,0.5569665319712517,1408.1435978889465,22.99289958459269,ball_tree,50,7,4,uniform
0.9962458648214804,0.0006905662610206466,69.94798517997397,12.866803216902508,4.515536027210732,0.22870917743707803,14.199210357666015,0.31218194421982665,1811.7186448812486,38.837229307586725,ball_tree,50,15,3,distance
0.9962457060579701,0.0006343290357517386,69.95094330138572,11.818977176384955,4.513072962014721,0.22303745561806923,16.311391878128052,0.4406426973136876,2006.4842958927154,38.494435272974464,ball_tree,10,15,3,distance
0.9962404580115141,0.0005154266506681543,70.04872621496723,9.603558211912063,4.664241599542026,0.21125010106330053,0.4450920820236206,0.07339107957843166,3333.6388782024383,9.019155116061558,brute,10,10,3,uniform
0.9962404580115141,0.0005154266506681543,70.04872621496723,9.603558211912063,4.664241599542026,0.21125010106330053,0.4508880615234375,0.07734563394744834,3322.8085956573486,11.287600686936532,brute,70,10,3,uniform
0.9962256326102261,0.0006749039120855589,70.32495679811275,12.574978415956236,4.514553664077946,0.227266568583197,1.8806045770645141,0.07336431793066861,647.701533460617,5.912561780200542,kd_tree,70,15,3,distance
0.9962064057205454,0.0005766633253790394,70.68319701337072,10.744535244293408,4.673453776050725,0.20583549860480338,0.45996594429016113,0.11773490449927689,3334.670565390587,5.171647295556364,brute,10,8,5,uniform
0.9961761601569871,0.0007066834549208026,71.24673991497836,13.167102802948262,4.372675574126556,0.2404854935039566,13.457195901870728,2.0043773707495864,1255.88848528862,32.09023349705675,ball_tree,70,10,5,distance
0.9961761374391241,0.0007066054317742324,71.24716319988144,13.165649056175868,4.372527811626064,0.24008893496368042,1.9069162845611571,0.19557738197954838,474.06751623153684,7.0291370887725435,kd_tree,70,10,5,distance
0.9961733612961042,0.0006632704163546849,71.29888899066273,12.358220215124343,4.603056878099063,0.2076272947266525,15.821943378448486,0.08512100260186632,1582.5553286075592,30.388543275626187,ball_tree,10,8,4,uniform
0.9961584123673158,0.0010325366647701395,71.57742116908078,19.23848127216289,4.510530883760086,0.23787959206799345,14.481855893135071,1.9893643741157256,1269.1289867639541,32.660380908874096,ball_tree,50,7,5,uniform
0.9961573190639866,0.0010349195055968964,71.59779187003683,19.282878958158015,4.511015704701367,0.23833543874774327,1.8829573154449464,0.15336960014827652,448.9125860929489,7.490313287240246,kd_tree,30,7,5,uniform
0.9961122873746742,0.0007819345049539477,72.43683356322762,14.569199179928486,4.678901368006995,0.22979979109222043,1.9551424741744996,0.1240806748345563,444.05050494670866,5.06859433324173,kd_tree,50,8,5,uniform
0.9961041237086228,0.0007496137662752843,72.58894103001239,13.966991096682179,4.507432322450138,0.24397249726063275,13.846835827827453,0.20326932165676717,1420.9069982767105,22.170465250015813,ball_tree,30,12,4,distance
0.9961041237086228,0.0007496137662752843,72.58894103001239,13.966991096682179,4.507432322450138,0.24397249726063275,14.084870004653931,0.31187264706183787,1432.2316567659377,22.958878442105696,ball_tree,50,12,4,distance
0.9961040680951067,0.0007499614608808026,72.58997723494842,13.973469429496598,4.507214996940408,0.2439280240216473,1.9585664510726928,0.1585803765323387,472.8376524925232,4.867137357159774,kd_tree,50,12,4,distance
0.9961001570880418,0.0006147312310421044,72.6628480963323,11.453825979584568,4.591499787029637,0.22881044684457455,0.4414201021194458,0.06126479546361978,3312.621279025078,5.499074463919165,brute,50,12,5,distance
0.9961001570880418,0.0006147312310421044,72.6628480963323,11.453825979584568,4.591499787029637,0.22881044684457455,0.4421012163162231,0.06725234334665042,3331.964576435089,8.37967199038528,brute,30,12,5,distance
0.9960730361883292,0.000727409908097023,73.16817148000341,13.553283260140411,4.813731791276901,0.22050524175782166,0.40649526119232177,0.0746554544596089,4.5017201662063595,0.21802569869532826,brute,70,30,2,distance
0.9960730361883292,0.000727409908097023,73.16817148000341,13.553283260140411,4.813731791276901,0.22050524175782166,0.4521769046783447,0.07152159909253243,4.603307580947876,0.3930802800391139,brute,50,30,2,distance
0.9960715402579183,0.0007167557546369568,73.19604402940196,13.354772409334583,4.8120114344998655,0.22028390354166735,1.9633798122406005,0.47048787501829487,123.29103651046753,7.843106128285011,ball_tree,50,30,2,distance
0.9960714666573062,0.000716749041798364,73.19741537440589,13.35464733404713,4.812165869715081,0.22024267181058255,2.1126550674438476,0.2733433845339423,61.29381461143494,1.1234419978453885,kd_tree,50,30,2,distance
0.9960511551647039,0.00071442019104088,73.57586418244621,13.311255604521342,4.681510311408037,0.22358547548800994,2.047118330001831,0.10673823330668748,471.1785318851471,4.519447097337417,kd_tree,70,8,5,uniform
0.9960297502063191,0.0006563688438898623,73.97468671831115,12.22962839156624,5.0639934677861245,0.22596996283044887,2.021702027320862,0.15327219871455966,57.71477117538452,1.0180471431170584,kd_tree,50,20,2,uniform
0.996020278470952,0.0006555225522545922,74.15116645960491,12.213860074244916,5.066503133359873,0.22598113763304273,2.146946120262146,0.09939719717168026,100.07485399246215,1.7540959202514375,ball_tree,50,20,2,uniform
0.9960193304522086,0.0006287016419778282,74.1688301818374,11.714126168742085,5.063538541899485,0.22260429217429897,2.7482621908187865,0.29270729564657766,103.5092181444168,1.6359928459529232,kd_tree,10,20,2,uniform
0.9960058825932505,0.0006019791615105098,74.4193940519093,11.216226232054677,4.930780382615514,0.2233339431037912,0.44048004150390624,0.0855821066033602,3326.0504816770554,3.81007834627131,brute,70,12,3,uniform
0.9959954730234098,0.0006942054738828883,74.61334775956955,12.934609940754916,5.068057497131075,0.231899697232217,0.6092732191085816,0.1668284117058823,5.264972281455994,0.5465857067402549,brute,30,20,2,uniform
0.9959854184701312,0.0006571161740069495,74.80068670989655,12.243552833141084,4.934722555935842,0.22859946229390513,2.1891153335571287,0.22423933682080519,488.1278538942337,3.685209471225725,kd_tree,10,12,3,uniform
0.9959770910535214,0.0006645564738230244,74.95584521802705,12.382182359388876,4.599455443082092,0.23753065223882014,2.124741315841675,0.07753800705524905,399.2128980636597,3.0324192278799345,kd_tree,10,12,5,distance
0.99597252264576,0.0007091987635384941,75.04096493353892,13.213968661939639,5.067639284602806,0.23104610871291906,2.016979455947876,0.11679162041352567,50.264713406562805,0.9207791856212736,kd_tree,70,20,2,uniform
0.9959690385961687,0.000501939902873766,75.10588061653557,9.352269755319137,4.909312756832791,0.19595450917523663,0.41778738498687745,0.07834953053070791,3363.53505256176,9.831329628739526,brute,50,10,4,uniform
0.9959690385961687,0.000501939902873766,75.10588061653557,9.352269755319137,4.909312756832791,0.19595450917523663,0.4180371522903442,0.061535469977785744,3340.769174718857,3.4082015801381216,brute,30,10,4,uniform
0.9959685632357556,0.0007565692784798944,75.1147376505953,14.096587938956695,4.934704285600973,0.23923994447179003,2.0756794691085814,0.10175108696453655,601.9707337856292,5.466158354699844,kd_tree,50,12,3,uniform
0.9959593490571257,0.0007564415112320499,75.28641853037068,14.094207347652665,4.600210640664117,0.24688568318072154,2.0155148267745973,0.14278145576832843,452.5537147760391,3.8672920543775042,kd_tree,30,12,5,distance
0.995945551718648,0.0007103050199049767,75.54349399022107,13.234580707124422,4.937285823070615,0.2352931655767438,12.71248655319214,0.2156852899479883,1752.3480763196944,34.86732165827353,ball_tree,70,12,3,uniform
0.9959367258671724,0.0007140959904765326,75.70793946137451,13.305215018556197,4.602499966881975,0.243080474106294,13.540526199340821,1.838102690190511,1266.680929017067,32.11530785192171,ball_tree,70,12,5,distance
0.9959361984634701,0.0007148883373543556,75.71776617900944,13.319978223670772,4.602553720802146,0.24304976488141375,1.8719233751296998,0.17868340305326383,474.9151923418045,5.026964502065408,kd_tree,70,12,5,distance
0.9958846546105036,0.0005966679936948699,76.6781441334421,11.117267225520665,4.996834007929988,0.22476993732646916,0.3909151554107666,0.06900374331486324,3313.695504117012,11.6476248360851,brute,70,10,5,uniform
0.995874106889997,0.0006852981744957828,76.87467189885298,12.768646911749679,4.930154289511646,0.22615423382525388,14.2222323179245,0.39823053701719735,1417.2511633872987,21.012784338379976,ball_tree,30,10,4,uniform
0.9958740052064732,0.0006852421806029781,76.87656649168825,12.767603619539921,4.930014727190279,0.2257968524620524,2.205454111099243,0.19821826377648546,472.96597390174867,5.680851496664833,kd_tree,50,10,4,uniform
0.9958608885651175,0.0006167402422506662,77.12095903259049,11.49125837867487,4.782517109195227,0.2264204967927346,0.4348463773727417,0.07921447871129038,3343.0624267578123,11.77642889732151,brute,30,15,4,distance
0.9958220874318165,0.0006600525086203191,77.84391144853569,12.298263353740834,4.869576696546058,0.2251665998996982,0.4643628835678101,0.06184588483915503,3317.0666781902314,6.549931466089751,brute,50,20,3,distance
0.9957992211432439,0.0006533518591058835,78.26996185379488,12.173415176824856,5.001608670081918,0.23486805085538143,2.192583918571472,0.09597098719984366,388.8489302158356,3.8837471572734623,kd_tree,10,10,5,uniform
0.9957578679546697,0.0006642929246530507,79.04046480160449,12.377271845366696,4.7966113099583065,0.23334939714989278,14.177922439575195,0.28598642717826234,1434.4268092393875,24.11426960296658,ball_tree,50,15,4,distance
0.9957575666510706,0.0007189261297902552,79.04607876558836,13.395211381784044,4.87224913616906,0.23021101111885667,2.139166498184204,0.1421324205462836,671.6989467620849,8.829190742275951,kd_tree,70,20,3,distance
0.9957567594324989,0.0007191210587776327,79.06111906382212,13.398843347409775,4.872572485445658,0.23053839292636238,12.857896447181702,0.08206330307835603,1812.8615386247634,35.17488514195945,ball_tree,70,20,3,distance
0.9957370511507753,0.0006523710780581469,79.42832869596913,12.155141019148912,4.795974752205888,0.2328881445147716,12.811347961425781,0.38084854247114674,1412.520267033577,19.980494462860463,ball_tree,70,15,4,distance
0.9956694309498464,0.0007060569554456035,80.68824518472626,13.155429708101734,5.0090948159256055,0.2403364479742264,13.307168364524841,1.9337687393550533,1263.6114201307296,33.43287197240307,ball_tree,70,10,5,uniform
0.9956527924651142,0.0005692368586356888,80.99825759187259,10.606163459314796,5.187204037501422,0.22247104203656254,0.40048847198486326,0.09311036596850748,3339.8089076280594,3.387773574856085,brute,30,12,4,uniform
0.995622814429441,0.0006504449102855787,81.55681584704817,12.119252179668761,5.239002270704761,0.23283008801965177,0.4234867811203003,0.07201427982507545,3336.9743884563445,6.536153256875222,brute,10,15,3,uniform
0.995622814429441,0.0006504449102855787,81.55681584704817,12.119252179668761,5.239002270704761,0.23283008801965177,0.4616304636001587,0.06615673558765464,3315.2458934545516,7.028627995228878,brute,30,15,3,uniform
0.9956103292751364,0.0006963490925960045,81.78944236333943,12.974550380520938,5.242845726748054,0.23617627043139988,2.0379149436950685,0.10282634607843913,613.4945498466492,5.249529255442071,kd_tree,50,15,3,uniform
0.9956098582118698,0.0006995415200923068,81.79821933189083,13.034032487739482,5.242865803758529,0.23706446439293163,13.82459774017334,0.1633639412518781,1812.2568282365798,38.84765398624256,ball_tree,30,15,3,uniform
0.9955988666411968,0.0006071864604354969,82.00301702456062,11.313249927449387,4.89090627278041,0.22781707309066576,16.46395707130432,1.8374381977223218,1442.1707341194153,37.19502570628037,ball_tree,10,15,5,distance
0.9955952231393382,0.000679922002164862,82.07090366206428,12.66847672483615,5.240223575561064,0.23525260569357248,12.861910796165466,0.30736231775092404,1785.6314479112625,33.07274129860924,ball_tree,70,15,3,uniform
0.9954970682636064,0.0007499007333414486,83.89974984542143,13.972337938800775,5.205238482692445,0.24579279759695008,14.221622848510743,0.42972609251152577,1424.8565291643142,23.13651323508442,ball_tree,30,12,4,uniform
0.99537683749376,0.0006611929581503085,86.13991960688746,12.319512494495953,5.283778608862482,0.23871425421544676,2.1049195528030396,0.0785701964666956,400.7573506116867,3.890583108959958,kd_tree,10,12,5,uniform
0.9953767970774134,0.0006613489850875113,86.14067265436461,12.32241962739668,5.2839040691609735,0.23891895944304145,16.36877601146698,1.8384351405900088,1441.6801756858827,35.8865744371609,ball_tree,10,12,5,uniform
0.9953594345521557,0.0007561181950100114,86.46417556559926,14.088183238975569,5.284338714430832,0.2490253289038896,14.563435697555542,1.7376873936059887,1279.274088191986,30.94225515095542,ball_tree,50,12,5,uniform
0.9953594345521557,0.0007561181950100114,86.46417556559926,14.088183238975569,5.284338714430832,0.2490253289038896,14.833081269264222,1.8525396494718278,1289.8324803829194,35.175889634347925,ball_tree,30,12,5,uniform
0.9953590093944416,0.000756725218907259,86.47209721041584,14.099493459984588,5.284479368908296,0.24880850463874513,1.9636752128601074,0.06369098563012252,454.2464688539505,4.992761997033901,kd_tree,50,12,5,uniform
0.9953364374927178,0.0007121358789653585,86.89266252630837,13.268693730852275,5.286939300695003,0.24466333406715013,13.948800706863404,1.8741379900465511,1270.142720913887,31.603486771390884,ball_tree,70,12,5,uniform
0.9953358785738421,0.0007129327812806027,86.90307644252817,13.283541814015237,5.286967946209447,0.24464917019693658,2.4920719146728514,0.312682512974961,481.10335009098054,4.421963758114906,kd_tree,70,12,5,uniform
0.9952702066841873,0.0007316191319792298,88.12669150855102,13.631710571819962,5.647404450894225,0.23266321171693496,0.4577716588973999,0.09074300339526604,4.71000394821167,0.3399894309209988,brute,50,30,2,uniform
0.9952670693980211,0.0007158246277191458,88.18514620872072,13.337423419819748,5.64682087170051,0.2291529485550713,2.00584819316864,0.18918973956145915,61.24555654525757,1.479810018082915,kd_tree,30,30,2,uniform
0.9952658941617339,0.0006726550280146686,88.20704350503259,12.533076645726279,5.644352576791789,0.22328039602044097,2.419928193092346,0.34428497891903315,109.02493679523468,0.7953568653412162,kd_tree,10,30,2,uniform
0.9952369089653451,0.0006402579891717654,88.74710293044805,11.929446918745976,5.183913542152318,0.21968660356750286,0.4194540023803711,0.09653424701515798,3344.488471031189,2.9327089248563087,brute,30,20,4,distance
0.9951756299362988,0.0006568007277372241,89.88886911939798,12.237675359382116,5.191250220682159,0.22756700668649812,1.972649884223938,0.08490705607077167,494.8776500225067,5.003238770797813,kd_tree,30,20,4,distance
0.995175048448714,0.0006570584954633834,89.89970354144756,12.24247815209756,5.191382354213002,0.22808198656444875,13.853905630111694,0.15428468373490045,1456.1060720682144,24.110947864100535,ball_tree,50,20,4,distance
0.9951687819491111,0.0006303149115405728,90.01646252867619,11.744185010551973,5.190402148388902,0.22457465569627152,15.704754042625428,0.22650772974946273,1625.4469186544418,29.974529501056992,ball_tree,10,20,4,distance
0.9951416065148792,0.0006232398593421296,90.52280201314343,11.61236086922746,5.5185385651621885,0.23607939444257667,0.4175924301147461,0.07274414853423936,3343.953210282326,6.406628393578458,brute,70,15,4,uniform
0.9951416065148792,0.0006232398593421296,90.52280201314343,11.61236086922746,5.5185385651621885,0.23607939444257667,0.4209899425506592,0.06724731130175952,3352.831910920143,10.938220047104052,brute,10,15,4,uniform
0.9951416065148792,0.0006232398593421296,90.52280201314343,11.61236086922746,5.5185385651621885,0.23607939444257667,0.4396446704864502,0.053709902719130356,3352.7791512966155,11.083804140236417,brute,30,15,4,uniform
0.9951213749768474,0.0007074500572689043,90.89976108763592,13.18138632954816,5.194686725808796,0.23367542626460253,1.9127470254898071,0.14549354762250538,523.2288389205933,4.322013531303743,kd_tree,70,20,4,distance
0.9950567014853247,0.0006508452145170316,92.10477375005881,12.1267107481852,5.647972320284159,0.23013603716591807,0.41675529479980467,0.08979211394626682,3323.145702171326,3.8520426805319854,brute,30,20,3,uniform
0.9950358445533544,0.0006620026547557486,92.49338532076185,12.334598964072926,5.650745331449725,0.23208384322398795,2.3467344284057616,0.1299662131371199,641.0463487625123,8.10793368631075,kd_tree,50,20,3,uniform
0.9950342440425218,0.0006058607551895095,92.52320643872454,11.288549055880038,5.531073408583826,0.23479881089177437,15.768770122528077,0.36088147061418013,1606.0879282236099,30.56236771750449,ball_tree,10,15,4,uniform
0.9950317126773527,0.0006057821110278765,92.57037146739636,11.28708373819899,5.53137001080917,0.23473525531576536,2.175254702568054,0.21203567722193536,427.05112767219543,5.376381578307566,kd_tree,10,15,4,uniform
0.995030488290772,0.0006644937086182221,92.59318454426639,12.381012902401768,5.534222917973655,0.24144265323428668,14.151140713691712,0.26169868444821165,1433.8892087697982,23.3124004909074,ball_tree,30,15,4,uniform
0.9950265097251091,0.0006267041756793903,92.66731417433576,11.676908877301656,5.64970290967226,0.22532385832469345,15.68746440410614,0.2264912036666531,2046.9318280458451,42.143787766583685,ball_tree,10,20,3,uniform
0.995025066377407,0.0006659502454005472,92.69420698955719,12.408151459864259,5.535947608521727,0.24161059858993927,1.928208827972412,0.06177688433795075,481.66590931415556,5.149806586915574,kd_tree,50,15,4,uniform
0.9949940281145725,0.0007083059513513088,93.27251966225714,13.19733356206571,5.59432274531524,0.1971755776472621,2.1136369943618774,0.08656815091825369,74.73642711639404,5.815910394551561,kd_tree,30,50,2,distance
0.9949929765356859,0.0007066519940328854,93.29211294296705,13.16651661581873,5.5948171913760145,0.19672457879017866,1.9246737718582154,0.055915425362417746,60.294865822792055,4.491039087391538,kd_tree,70,50,2,distance
0.9949868610556625,0.000725311629603123,93.40605809563141,13.514187610672161,5.595042879343636,0.19922531100986418,0.4659114360809326,0.05363560728168171,5.37269880771637,0.2977863537154369,brute,50,50,2,distance
0.9949204882505746,0.0006154152493304922,94.64273279323235,11.466570779338563,5.323435313579,0.21848732726844902,1.9083039999008178,0.06912791081797334,459.9546630382538,4.285215068441466,kd_tree,30,20,5,distance
0.9949096483766872,0.0006147955199381419,94.84470403347052,11.455023826367745,5.327852406404795,0.21475021891729174,0.458601188659668,0.09412220180336868,3316.0275956869127,10.645352930739698,brute,30,20,5,distance
0.9948951053549456,0.0006495615267031393,95.11567325031572,12.102792755914582,5.613419887293691,0.23711460866395795,14.971634078025819,1.808100387597004,1290.618262887001,35.28417372756368,ball_tree,30,15,5,uniform
0.9948906117659008,0.0005996323356387398,95.19939892479627,11.172499585705078,5.611885949157137,0.231245681129895,2.280972146987915,0.17317381100113732,420.3571617603302,4.879984149979566,kd_tree,10,15,5,uniform
0.9948734164710918,0.0006385833460915991,95.51978595650094,11.898244550215109,5.613095332583969,0.23708247496155144,1.884949278831482,0.11493252535432837,472.53973231315615,5.3420982612845505,kd_tree,70,15,5,uniform
0.9948683806918052,0.0006664322102504732,95.6136138551107,12.41713154943929,5.3258867446440075,0.2242606103843855,13.370876717567445,1.9337132408509963,1287.5410311937333,36.05546585194004,ball_tree,70,20,5,distance
0.994866784594187,0.0006636215850172111,95.64335274496004,12.364763277437133,5.326459469958573,0.22352289231269237,2.188901162147522,0.16816969265848056,478.5281626701355,4.3698212270391705,kd_tree,70,20,5,distance
0.9948277690159556,0.0006821407958633838,96.37030075246206,12.709817843724725,5.5163709954465885,0.21573478063269821,16.14728753566742,0.2563292534718335,2082.24509806633,37.39377669400776,ball_tree,10,30,3,distance
0.9948207160204855,0.000721408443868873,96.50171392730897,13.441462478275817,5.518663802341039,0.2199739355470792,0.44037346839904784,0.042082625976758985,3304.5982264995573,11.250130175653101,brute,50,30,3,distance
0.9947942776048451,0.000730635057840698,96.99432109712508,13.613375056452039,5.52068689561359,0.22230933126280433,1.9976783752441407,0.14745446989344377,697.0405079126358,6.830532781483326,kd_tree,70,30,3,distance
0.9942824694224383,0.0006725962941377072,106.5304591037754,12.531982301447533,5.985023953863874,0.23624290628697947,13.979192090034484,0.21715749555260744,1446.6467041254043,29.075364761883648,ball_tree,50,20,4,uniform
0.994273297797458,0.0006474449167244484,106.70134711331035,12.063355549640162,5.985279532653943,0.23280492523378232,2.174965000152588,0.13102246912700813,444.76743469238284,5.307718614266724,kd_tree,10,20,4,uniform
0.9942706246743321,0.0006408272474303424,106.75115341167583,11.940053480934356,5.9861686268214855,0.23097698933052924,15.71681718826294,0.16395101668825393,1649.4811203956604,27.006050537246537,ball_tree,10,20,4,uniform
0.9942237185428185,0.0007177755343492007,107.62512018056704,13.373773199878134,5.99019947539936,0.24189021812438194,1.9992883443832397,0.09220876984910367,518.7387980699539,4.393682692081456,kd_tree,70,20,4,uniform
0.9942169756236579,0.0007273942399812541,107.75075593610099,13.552991327890394,5.992255454408248,0.24479964136698884,13.157925677299499,0.1638778076813276,1423.9723409891128,15.594528237310717,ball_tree,70,20,4,uniform
0.9940355702477115,0.0006198527634090628,111.13074625207707,11.549251651028957,6.101119944145331,0.22041541437410744,2.0105101346969603,0.1061269328086343,460.51815593242645,4.752839857119729,kd_tree,50,20,5,uniform
0.9940244703632921,0.0006031586588277898,111.33756207355064,11.238202920943902,6.100543307579434,0.2160266058446187,16.199942183494567,1.7925263129868385,1482.8352799415588,39.39010901536131,ball_tree,10,20,5,uniform
0.9940200376239595,0.0006046409893591065,111.4201539809815,11.26582207398615,6.106219409812154,0.21320056534425116,0.43316805362701416,0.05840852256591677,3324.4493193864823,10.81358381243326,brute,50,20,5,uniform
0.9939772073749776,0.0006680772441495831,112.21817788757252,12.447782232306448,6.104968422770824,0.22568313031919987,13.362490820884705,1.8040012707474415,1299.7632824897767,39.589544628409094,ball_tree,70,20,5,uniform
0.9939672433479421,0.0007138519636365818,112.40383013030534,13.300668249467966,5.912974949578503,0.20186900611805259,0.3644089221954346,0.03950972814981381,3362.4811836004255,5.357120405902138,brute,10,30,4,distance
0.9939672433479421,0.0007138519636365818,112.40383013030534,13.300668249467966,5.912974949578503,0.20186900611805259,0.41874306201934813,0.05494198509704299,3341.3439401865007,7.101580537554526,brute,50,30,4,distance
0.9939672433479421,0.0007138519636365818,112.40383013030534,13.300668249467966,5.912974949578503,0.20186900611805259,0.46024627685546876,0.07027375095442015,3348.3586278915404,6.550903274753605,brute,70,30,4,distance
0.99394643554581,0.0007485557484595696,112.79152630158426,13.947277844235284,5.912871340693878,0.2070357565072413,1.9757342100143434,0.15211530551387692,518.7616245985031,5.550831906278609,kd_tree,50,30,4,distance
0.9939019521901425,0.0007412050093079703,113.62035130521802,13.810317034678173,5.918475527688267,0.20693838797876557,1.8534264087677002,0.10291576618795424,539.2415962696075,4.916274066909293,kd_tree,70,30,4,distance
0.9938949085909222,0.0007083658853052515,113.75158940678918,13.198450266478256,6.508876904846606,0.21344351577942264,2.0702339887619017,0.10988374702853784,102.23311085700989,4.708460598195806,ball_tree,30,50,2,uniform
0.9938090122888571,0.0007236691832227879,115.35203078094368,13.483585139102468,6.366522965491029,0.22667552048448858,0.40618033409118653,0.05772986689245578,3305.8378153562544,12.038042881248709,brute,30,30,3,uniform
0.9935750002228856,0.0007234572980704222,119.71220209714217,13.479637241972767,6.0703355964829635,0.21026291689158733,2.1171074151992797,0.2236426464050449,464.5064304351807,3.8927917969993837,kd_tree,50,30,5,distance
0.9935645807706945,0.0006883105160691844,119.90633993522539,12.824773613030038,6.071349459756305,0.2057295026697123,2.2610317707061767,0.2624312454670685,448.7481867313385,4.467869049516894,kd_tree,10,30,5,distance
0.9935369496280453,0.0006902534058429296,120.42117029285494,12.860974021016448,6.076331865651407,0.2071328792033009,0.4379627466201782,0.08224722093386301,3319.7464464187624,5.149668864017134,brute,30,30,5,distance
0.9935323247275653,0.00071286803452233,120.50734259482203,13.282335436228774,6.075411377017676,0.2102652985928515,13.383343482017517,1.8850977657824999,1325.072750043869,34.07988564774605,ball_tree,70,30,5,distance
0.9930945977996756,0.0007753397194033354,128.66318014699291,14.446323486852584,6.49257908922181,0.22492447736228802,2.043096899986267,0.10462972880578332,701.9139793634415,6.9528637021345485,kd_tree,50,50,3,distance
0.9930941563547311,0.000775416720371646,128.67140525956037,14.447758188144423,6.492838767382327,0.22519717611561665,13.901143884658813,0.13124932447741233,1920.919481396675,15.0095236727697,ball_tree,50,50,3,distance
0.9930925296801106,0.0007756866589316084,128.70171386775593,14.452787750878532,6.493514005989238,0.22546959822504692,15.636340641975403,0.11495620994405652,2138.571588754654,21.457325285496484,ball_tree,10,50,3,distance
0.9928511245139755,0.0007642977314015335,133.19963527448058,14.240586405906727,6.7560329905143055,0.2090482243285466,0.439475417137146,0.04603506290888096,3343.1139727592467,7.475170790656724,brute,30,30,4,uniform
0.9924827736564037,0.0007611095043818535,140.06284054047123,14.181182563019393,6.890312705463492,0.21522679240737955,14.512012958526611,1.7975412760616,1350.6538195848466,30.29507103764383,ball_tree,30,30,5,uniform
0.9924425829103888,0.0007219051973644615,140.81168456790718,13.450718113593668,6.897131651352829,0.21279279062362572,0.39775786399841306,0.07125930146195388,3224.4448395967484,74.24380957113338,brute,70,30,5,uniform
0.9924425829103888,0.0007219051973644615,140.81168456790718,13.450718113593668,6.897131651352829,0.21279279062362572,0.43395802974700926,0.06301217507086045,3335.69307410717,14.2035594470418,brute,50,30,5,uniform
0.9924425829103888,0.0007219051973644615,140.81168456790718,13.450718113593668,6.897131651352829,0.21279279062362572,0.4902520656585693,0.08762807038454701,3336.794003415108,6.785245957296199,brute,10,30,5,uniform
0.9918921320562866,0.000837518624520817,151.0678224942534,15.604856391728712,7.01201014767135,0.24213092894557117,14.499827194213868,0.5484658535936554,1497.300567793846,13.15978269340865,ball_tree,30,50,4,distance
0.9918916203741853,0.0008368905431403869,151.0773562830841,15.593153822427846,7.012254638798055,0.24191773811307976,1.9205662488937378,0.08390509151334945,555.575532579422,5.715275018553929,kd_tree,30,50,4,distance
0.9918909863490402,0.0008369525912199051,151.08916959809633,15.594309917757094,7.012349272668044,0.2421840337823938,1.8545045852661133,0.14888375255362518,578.6578040599823,4.254483934825445,kd_tree,70,50,4,distance
0.9918888992668979,0.0008378218311095556,151.1280566343422,15.610505812690995,7.012907065076927,0.24263984389215776,0.4231806516647339,0.07111132784980467,3338.750632762909,10.248457731484653,brute,10,50,4,distance
0.991751915356738,0.0008760844819833679,153.68037509441902,16.32342508943515,7.418845712840176,0.2391104820583732,13.450228381156922,0.5043615853934108,1888.9689745664596,11.28976053678117,ball_tree,70,50,3,uniform
0.9917488388848262,0.0008718109370620446,153.73769668819725,16.24379933207394,7.420146189873387,0.2385702869039313,16.42895245552063,0.46667551974079735,2148.526738572121,20.691006220941063,ball_tree,10,50,3,uniform
0.9917487766302794,0.0008705591894072052,153.73885663047992,16.22047645683212,7.419881981123012,0.23809644161330623,0.45925164222717285,0.07468150348219725,3322.8315512657164,7.368922412093434,brute,10,50,3,uniform
0.9913100017079082,0.0008815840910764228,161.9142206778266,16.425895180958666,7.2399100488453145,0.25337850321005695,1.9748098850250244,0.10013222058852503,457.7509819984436,5.283061121689116,kd_tree,30,50,5,distance
0.991309168447249,0.0008815292278000985,161.9297461987464,16.42487295467818,7.240284723586753,0.2536191323356453,14.529813885688782,2.1096030108032626,1383.905150771141,7.258106508237464,ball_tree,30,50,5,distance
0.9913089476273443,0.0008818177108384005,161.93386057041494,16.43024804276809,7.240347793435594,0.2539551727152072,13.520474076271057,1.8192082801845078,1351.2146759986877,11.053366247592075,ball_tree,70,50,5,distance
0.9913083144586774,0.0008819786329760895,161.94565792730774,16.43324638426895,7.240194619171475,0.253859214307649,0.40623130798339846,0.06204863737828266,3329.3373285770417,11.619377165353834,brute,70,50,5,distance
0.9904580989976904,0.000952827630811725,177.78708495028454,17.753322624192005,7.934328138311732,0.26023227737493154,1.9281944274902343,0.07649759383240341,585.8008189439773,5.804093359856663,kd_tree,70,50,4,uniform
0.9904580315401157,0.000953914765569349,177.78834183667837,17.773578390779218,7.934903126020242,0.2598558107997772,13.128180956840515,0.22207137330159146,1460.399142932892,13.124321084743157,ball_tree,70,50,4,uniform
0.989921075744919,0.0009949501819987892,187.79303645173124,18.538160528547547,8.125737243881487,0.2720061356448298,2.069206643104553,0.05531836541530878,472.2418877124786,3.9042599224183325,kd_tree,10,50,5,uniform
0.9899194304048422,0.0009949146854488235,187.82369283937734,18.53749914795453,8.124753838652362,0.2718779305882593,13.509205675125122,1.8582044443390235,1357.095380306244,10.436612704160614,ball_tree,70,50,5,uniform
0.9899182833860279,0.0009930547830834617,187.84506438068212,18.502844982107206,8.12618314654628,0.27177757281109355,16.460469841957092,1.9205380992697756,1566.0810714006425,9.541363411694096,ball_tree,10,50,5,uniform
